{"name":"05e584b8-dea2-49db-a28a-2b29f1787500","id":"/providers/Microsoft.Flow/flows/05e584b8-dea2-49db-a28a-2b29f1787500","type":"Microsoft.Flow/flows","properties":{"apiId":"/providers/Microsoft.PowerApps/apis/shared_logicflows","displayName":"Create list from another list","definition":{"metadata":{"workflowEntityId":null,"processAdvisorMetadata":null,"flowChargedByPaygo":null,"flowclientsuspensionreason":"None","flowclientsuspensiontime":null,"flowclientsuspensionreasondetails":null,"creator":{"id":"a854521f-b987-4769-a9d3-c1e057d50212","type":"User","tenantId":"c4545e66-0f6b-4bef-9ee4-afff42ab71a7"},"provisioningMethod":"FromDefinition","failureAlertSubscription":true,"clientLastModifiedTime":"2024-08-08T21:44:48.2667812Z","connectionKeySavedTimeKey":"2024-08-08T18:33:29.1654876Z"},"$schema":"https://schema.management.azure.com/providers/Microsoft.Logic/schemas/2016-06-01/workflowdefinition.json#","contentVersion":"1.0.0.0","parameters":{"$connections":{"defaultValue":{},"type":"Object"},"$authentication":{"defaultValue":{},"type":"SecureObject"}},"staticResults":{"Send_an_HTTP_request_to_SharePoint0":{"status":"Succeeded","outputs":{"statusCode":"OK","headers":{}}}},"triggers":{"manual":{"metadata":{"operationMetadataId":"e2993cd7-5b42-45bd-bfb6-785899962876"},"type":"Request","kind":"PowerAppV2","inputs":{"schema":{"type":"object","properties":{"text":{"title":"SrcListUrl","type":"string","x-ms-dynamically-added":true,"description":"Enter your original list URL","x-ms-content-hint":"TEXT"},"text_1":{"title":"TargetSiteUrl","type":"string","x-ms-dynamically-added":true,"description":"Enter the site URL you want to copy to","x-ms-content-hint":"TEXT"},"email":{"title":"Email","type":"string","format":"email","x-ms-dynamically-added":true,"description":"Please enter an e-mail address","x-ms-content-hint":"EMAIL"},"text_2":{"title":"Io","type":"string","x-ms-dynamically-added":true,"description":"Please enter your input","x-ms-content-hint":"TEXT"},"file":{"title":"File Content","type":"object","x-ms-dynamically-added":true,"description":"Please select file or image","x-ms-content-hint":"FILE","properties":{"name":{"type":"string"},"contentBytes":{"type":"string","format":"byte"}}}},"required":["email","text_2"]}}}},"actions":{"Respond_to_a_PowerApp_or_flow":{"runAfter":{},"metadata":{"operationMetadataId":"1c723e95-cff9-48d4-ab6e-3ae03d4034f9"},"type":"Response","kind":"PowerApp","inputs":{"statusCode":200,"body":{"resp":"{}"},"schema":{"type":"object","properties":{"resp":{"title":"resp","x-ms-dynamically-added":true,"type":"string"}}}}},"OutputMessages":{"actions":{"Get_user_profile_(V2)":{"runAfter":{},"metadata":{"operationMetadataId":"23e7ddc2-55c0-455b-a515-2a82a63ae7ca"},"type":"OpenApiConnection","inputs":{"host":{"apiId":"/providers/Microsoft.PowerApps/apis/shared_office365users","connectionName":"shared_office365users","operationId":"UserProfile_V2"},"parameters":{"id":"@workflow()['tags']['createdBy']","$select":"mail"},"authentication":{"value":"@json(decodeBase64(triggerOutputs().headers['X-MS-APIM-Tokens']))['$ConnectionKey']","type":"Raw"}}},"OutputMessagesCompose":{"runAfter":{"Get_user_profile_(V2)":["Succeeded"]},"metadata":{"operationMetadataId":"b00c4c5e-870b-4ea6-9f69-95f8addeac73"},"type":"Compose","inputs":{"ListExportSuccess":"<p><at>@{triggerBody()['email']}</at>: export List success - check your OneDrive for your newly exported JSON files.</p>","TemplateImportSuccess":"<p><at>@{triggerBody()['email']}</at> list Template Import success - <a href=\"@{triggerBody()?['text_1']}@{if(\n    equals(\n        triggerBody()?['text_1'],\n        null\n    ),\n    null,\n    if(\n        equals(\n            last(\n                triggerBody()?['text_1']\n            ),\n            '/'\n        ),\n        '',\n        '/'\n    )\n)}_layouts/15/viewlsts.aspx\">Target site Site Contents - check to see if the new list is here and populated.</a></p>","TemplateImportFailure":"<p><at>@{triggerBody()['email']}</at> import List template failure - target site URL was bad. Target site input was <a href=\"@{triggerBody()?['text_1']}\">@{triggerBody()?['text_1']}</a>, take a look and make sure you have a usable link, try clicking it and going to it to make sure that it resolves correctly.<br><br>Also make sure that it is directly to the Target <u><b>site</b></u>, not to any new List you've set up on that Site. This setup will create a brand new empty List from your template file.</p>","UnknownFailure":"<p><at>@{triggerBody()['email']}</at> - your \"copy List\" run failed for some new and exciting reason.<br><br>Go ahead and send <a href=\"https://dod.teams.microsoft.us/l/chat/0/0?users=@{outputs('Get_user_profile_(V2)')?['body/mail']}&message=Hey%2C%20I%20ran%20the%20copy%20List%20Flow%20and%20came%20across%20a%20weird%20failure%20type%20-%20here%27s%20the%20link%20to%20the%20run%20that%20failed%3A%20@{uriComponent(concat('https://make.powerautomate.appsplatform.us/environments/', workflow().tags.environmentName, '/flows/', workflow().name, '/runs/', workflow().run.name))}\">this chat</a> off and see what's up.</p>","TemplateExportFailure":"<p><at>@{triggerBody()['email']}</at> export document library template failure - your source URL is bad in some way.<br><br>The source Document Library URL you inputted was <a href=\"@{triggerBody()?['text']}\">@{triggerBody()?['text']}</a>, check to make sure that it resolves correctly in your browser <b>and is a Document Library.</b></p>","TargetSiteFailure":"<p><at>@{triggerBody()['email']}</at>: copy List failure - target site URL was bad. Target site input was <a href=\"@{triggerBody()?['text_1']}\">@{triggerBody()?['text_1']}</a>, take a look and make sure you have a usable link, try clicking it and going to it to make sure that it resolves correctly.<br><br>Also make sure that it is directly to the Target <u><b>site</b></u>, not to any new List you've set up on that Site. This setup will create a brand new List as a copy of your Source List.</p>","ListImportSuccess":"<p><at>@{triggerBody()['email']}</at>: import List success - <a href=\"@{triggerBody()?['text_1']}@{if(\n    equals(\n        triggerBody()?['text_1'],\n        null\n    ),\n    null,\n    if(\n        equals(\n            last(\n                triggerBody()?['text_1']\n            ),\n            '/'\n        ),\n        '',\n        '/'\n    )\n)}_layouts/15/viewlsts.aspx\">Target site Site Contents - check to see if the new list is here and populated.</a></p>","SourceListFailure":"<p><at>@{triggerBody()['email']}</at> copy List failure - you need to input the full direct URL to the List you're trying to copy, not just to the Site.<br><br>The source List URL you inputted was <a href=\"@{triggerBody()?['text']}\">@{triggerBody()?['text']}</a>, check to make sure that it resolves correctly in your browser <b> and is a List.</b></p>"}}},"runAfter":{"Respond_to_a_PowerApp_or_flow":["Succeeded","Failed","Skipped","TimedOut"]},"metadata":{"operationMetadataId":"6f949aad-4371-474c-b216-5b9b97ca8d31"},"type":"Scope"},"Terminate":{"runAfter":{"Switch":["Succeeded","Failed","Skipped","TimedOut"]},"metadata":{"operationMetadataId":"0b72bf5b-a289-46d9-9b3e-9f3162cff05a"},"type":"Terminate","inputs":{"runStatus":"Succeeded"}},"Switch":{"runAfter":{"OutputMessages":["Succeeded"],"Initialize_ValueTemp":["Succeeded"]},"cases":{"straight":{"case":"straight","actions":{"Substring":{"runAfter":{},"metadata":{"operationMetadataId":"a2290133-8344-4252-b5f2-869a5e1cded6"},"type":"Expression","kind":"Substring","inputs":{"text":"@triggerBody()['text']","startingPosition":0,"length":"@indexOf(\r\n    triggerBody()['text'],\r\n    '/Lists/'\r\n)"}},"Apply_to_each_3":{"foreach":"@range(0,length(json(body('GetList')?['value'])?['actions']))","actions":{"Get_items":{"runAfter":{},"metadata":{"operationMetadataId":"3de27192-1562-46ed-b670-be87e4685075"},"type":"OpenApiConnection","inputs":{"host":{"apiId":"/providers/Microsoft.PowerApps/apis/shared_sharepointonline","connectionName":"shared_sharepointonline","operationId":"GetItems"},"parameters":{"dataset":"@body('Substring')","table":"@json(body('GetList')?['value'])?['bindings']?[replace(replace(json(body('GetList')?['value'])?['actions'][items('Apply_to_each_3')]['listName'],'[[',''),']]','')]?['defaultValue']","viewScopeOption":"RecursiveAll","$orderby":"ID asc","$top":5000},"authentication":{"value":"@json(decodeBase64(triggerOutputs().headers['X-MS-APIM-Tokens']))['$ConnectionKey']","type":"Raw"}},"runtimeConfiguration":{"paginationPolicy":{"minimumItemCount":100000},"secureData":{"properties":["inputs","outputs"]}}},"Set_ValueTemp":{"runAfter":{"Get_items":["Succeeded"]},"metadata":{"operationMetadataId":"b58bbf7f-a495-47b2-89c1-9b63589756b4"},"type":"SetVariable","inputs":{"name":"ValueTemp","value":"@json(\r\n    replace(\r\n        replace(\r\n            string(body('Get_items')?['value']),\r\n            '@odata.etag',\r\n            'odataetag'\r\n        ),\r\n        '@odata.type',\r\n        'odatatype'\r\n    )\r\n)"}},"Select_Okay_JSON":{"runAfter":{"Set_ValueTemp":["Succeeded"]},"metadata":{"operationMetadataId":"f8398ffa-9c60-4d4d-b92d-a0a7d92fead9"},"type":"Select","inputs":{"from":"@variables('ValueTemp')","select":"@removeProperty(\r\n    removeProperty(\r\n        removeProperty(\r\n            removeProperty(\r\n                removeProperty(\r\n                    removeProperty(\r\n                        removeProperty(\r\n                            removeProperty(\r\n                                removeProperty(\r\n                                    removeProperty(\r\n                                        removeProperty(\r\n                                            removeProperty(\r\n                                                removeProperty(\r\n                                                    removeProperty(\r\n                                                        removeProperty(\r\n                                                            removeProperty(\r\n                                                                removeProperty(\r\n                                                                    removeProperty(\r\n                                                                        removeProperty(\r\n                                                                            item(),\r\n                                                                            'odataetag'\r\n                                                                        ),\r\n                                                                        'ItemInternalId'\r\n                                                                    ),\r\n                                                                    'Created'\r\n                                                                ),\r\n                                                                'Modified'\r\n                                                            ),\r\n                                                            'Author'\r\n                                                        ),\r\n                                                        'Author#Claims'\r\n                                                    ),\r\n                                                    'Editor'\r\n                                                ),\r\n                                                'Editor#Claims'\r\n                                            ),\r\n                                            '{Identifier}'\r\n                                        ),\r\n                                        '{IsFolder}'\r\n                                    ),\r\n                                    '{Thumbnail}'\r\n                                ),\r\n                                '{Link}'\r\n                            ),\r\n                            '{Name}'\r\n                        ),\r\n                        '{FilenameWithExtension}'\r\n                    ),\r\n                    '{Path}'\r\n                ),\r\n                '{FullPath}'\r\n            ),\r\n            '{VersionNumber}'\r\n        ),\r\n        '{ModerationStatus}'\r\n    ),\r\n    '{ModerationComment}'\r\n)"},"runtimeConfiguration":{"secureData":{"properties":["inputs","outputs"]}}},"Re-set_ValueTemp":{"runAfter":{"Select_Okay_JSON":["Succeeded"]},"metadata":{"operationMetadataId":"ee6e3de2-9bd7-40f6-8892-724dfd7d7b75"},"type":"SetVariable","inputs":{"name":"ValueTemp","value":"@body('Select_Okay_JSON')"}},"Check_for_IdODATAType":{"actions":{"Do_until_Idodatatype_gone":{"actions":{"Find_base_propertyname_2":{"runAfter":{},"metadata":{"operationMetadataId":"4f82347c-94be-439f-afc4-38bde2ec976a"},"type":"Compose","inputs":"@substring(\r\n    string(variables('ValueTemp')),\r\n    add(\r\n        lastIndexOf(\r\n            substring(\r\n                string(variables('ValueTemp')),\r\n                0,\r\n                indexOf(\r\n                    string(variables('ValueTemp')),\r\n                    '#Idodatatype'\r\n                )\r\n            ),\r\n            '\"'\r\n        ),\r\n        1\r\n    ),\r\n    sub(\r\n        sub(\r\n            indexOf(\r\n                string(variables('ValueTemp')),\r\n                '#Idodatatype'\r\n            ),\r\n            lastIndexOf(\r\n                substring(\r\n                    string(variables('ValueTemp')),\r\n                    0,\r\n                    indexOf(\r\n                        string(variables('ValueTemp')),\r\n                        '#Idodatatype'\r\n                    )\r\n                ),\r\n                '\"'\r\n            )\r\n        ),\r\n        1\r\n    )\r\n)","runtimeConfiguration":{"secureData":{"properties":["inputs"]}}},"odatatype_2":{"runAfter":{"Find_base_propertyname_2":["Succeeded"]},"metadata":{"operationMetadataId":"49555465-a8a5-4083-8f22-09222577c0e6"},"type":"Compose","inputs":"@concat(outputs('Find_base_propertyname_2'), 'odatatype')","runtimeConfiguration":{"secureData":{"properties":["inputs"]}}},"Idodatatype":{"runAfter":{"Find_base_propertyname_2":["Succeeded"]},"metadata":{"operationMetadataId":"8d0b8d89-433e-4f49-80f1-53b82f4358a3"},"type":"Compose","inputs":"@concat(outputs('Find_base_propertyname_2'), '#Idodatatype')","runtimeConfiguration":{"secureData":{"properties":["inputs"]}}},"Set_variable_5":{"runAfter":{"Select_Decent_JSON_2":["Succeeded"]},"metadata":{"operationMetadataId":"5ba69778-1a28-4777-aad6-8e6dac16cdb0"},"type":"SetVariable","inputs":{"name":"ValueTemp","value":"@body('Select_Decent_JSON_2')"}},"Select_Slightly_Better_JSON_2":{"runAfter":{"Idodatatype":["Succeeded"],"odatatype_2":["Succeeded"]},"metadata":{"operationMetadataId":"453f715b-c491-4c53-855d-3ba12d32aa72"},"type":"Select","inputs":{"from":"@variables('ValueTemp')","select":"@removeProperty(item(), outputs('odatatype_2'))"},"runtimeConfiguration":{"secureData":{"properties":["inputs","outputs"]}}},"Select_Decent_JSON_2":{"runAfter":{"Select_Slightly_Better_JSON_2":["Succeeded"]},"metadata":{"operationMetadataId":"d565b804-2ccf-4eee-955b-209e4220b3fa"},"type":"Select","inputs":{"from":"@body('Select_Slightly_Better_JSON_2')","select":"@removeProperty(item(), outputs('Idodatatype'))"},"runtimeConfiguration":{"secureData":{"properties":["inputs","outputs"]}}}},"runAfter":{},"expression":"@not(contains(string(variables('ValueTemp')), '#Idodatatype'))","limit":{"count":60,"timeout":"PT1H"},"metadata":{"operationMetadataId":"83830e0a-58c0-496e-bf06-31d5fd79a22a"},"type":"Until"}},"runAfter":{"Re-set_ValueTemp":["Succeeded"]},"expression":{"contains":["@string(variables('ValueTemp'))","#Idodatatype"]},"metadata":{"operationMetadataId":"c7c983fe-628c-416c-a689-aee0e77b1cce"},"type":"If"},"Check_for_Id":{"actions":{"Do_until_Id_gone":{"actions":{"Find_Id_metadata":{"runAfter":{},"metadata":{"operationMetadataId":"10173af1-adce-4737-930c-e06fc90c744f"},"type":"Compose","inputs":"@substring(\r\n    string(variables('ValueTemp')),\r\n    add(\r\n        lastIndexOf(\r\n            substring(\r\n                string(variables('ValueTemp')),\r\n                0,\r\n                indexOf(\r\n                    string(variables('ValueTemp')),\r\n                    '#Id'\r\n                )\r\n            ),\r\n            '\"'\r\n        ),\r\n        1\r\n    ),\r\n    add(\r\n        sub(\r\n            indexOf(\r\n                string(variables('ValueTemp')),\r\n                '#Id'\r\n            ),\r\n            lastIndexOf(\r\n                substring(\r\n                    string(variables('ValueTemp')),\r\n                    0,\r\n                    indexOf(\r\n                        string(variables('ValueTemp')),\r\n                        '#Id'\r\n                    )\r\n                ),\r\n                '\"'\r\n            )\r\n        ),\r\n        2\r\n    )\r\n)","runtimeConfiguration":{"secureData":{"properties":["inputs"]}}},"Select_Better_JSON":{"runAfter":{"Find_Id_metadata":["Succeeded"]},"metadata":{"operationMetadataId":"6d8ba34d-e2fd-45a1-93ba-696483bed91f"},"type":"Select","inputs":{"from":"@variables('ValueTemp')","select":"@removeProperty(item(),outputs('Find_Id_metadata'))"},"runtimeConfiguration":{"secureData":{"properties":["inputs","outputs"]}}},"Set_variable":{"runAfter":{"Select_Better_JSON":["Succeeded"]},"metadata":{"operationMetadataId":"16462073-d8a5-4927-b2fc-af2849782e10"},"type":"SetVariable","inputs":{"name":"ValueTemp","value":"@body('Select_Better_JSON')"}}},"runAfter":{},"expression":"@not(contains(string(variables('ValueTemp')), '#Id'))","limit":{"count":60,"timeout":"PT1H"},"metadata":{"operationMetadataId":"47ab9baa-fcd3-4cf7-a427-81a017e4bef7"},"type":"Until"}},"runAfter":{"Check_for_IdODATAType":["Succeeded"]},"expression":{"contains":["@string(variables('ValueTemp'))","#Id"]},"metadata":{"operationMetadataId":"c9b7e7d2-1548-4f2c-98cf-dd9fc0e90eac"},"type":"If"},"Check_for_ClaimsODATAType":{"actions":{"Do_until_Claimsodatatype_gone":{"actions":{"Find_base_propertyname":{"runAfter":{},"metadata":{"operationMetadataId":"4f82347c-94be-439f-afc4-38bde2ec976a"},"type":"Compose","inputs":"@substring(\r\n    string(variables('ValueTemp')),\r\n    add(\r\n        lastIndexOf(\r\n            substring(\r\n                string(variables('ValueTemp')),\r\n                0,\r\n                indexOf(\r\n                    string(variables('ValueTemp')),\r\n                    '#Claimsodatatype'\r\n                )\r\n            ),\r\n            '\"'\r\n        ),\r\n        1\r\n    ),\r\n    sub(\r\n        sub(\r\n            indexOf(\r\n                string(variables('ValueTemp')),\r\n                '#Claimsodatatype'\r\n            ),\r\n            lastIndexOf(\r\n                substring(\r\n                    string(variables('ValueTemp')),\r\n                    0,\r\n                    indexOf(\r\n                        string(variables('ValueTemp')),\r\n                        '#Claimsodatatype'\r\n                    )\r\n                ),\r\n                '\"'\r\n            )\r\n        ),\r\n        1\r\n    )\r\n)","runtimeConfiguration":{"secureData":{"properties":["inputs"]}}},"odatatype":{"runAfter":{"Find_base_propertyname":["Succeeded"]},"metadata":{"operationMetadataId":"49555465-a8a5-4083-8f22-09222577c0e6"},"type":"Compose","inputs":"@concat(outputs('Find_base_propertyname'),'odatatype')","runtimeConfiguration":{"secureData":{"properties":["inputs"]}}},"Claimsodatatype":{"runAfter":{"Find_base_propertyname":["Succeeded"]},"metadata":{"operationMetadataId":"8d0b8d89-433e-4f49-80f1-53b82f4358a3"},"type":"Compose","inputs":"@concat(outputs('Find_base_propertyname'),'#Claimsodatatype')","runtimeConfiguration":{"secureData":{"properties":["inputs"]}}},"Set_variable_3":{"runAfter":{"Select_Decent_JSON":["Succeeded"]},"metadata":{"operationMetadataId":"5ba69778-1a28-4777-aad6-8e6dac16cdb0"},"type":"SetVariable","inputs":{"name":"ValueTemp","value":"@body('Select_Decent_JSON')"}},"Select_Slightly_Better_JSON":{"runAfter":{"Claimsodatatype":["Succeeded"],"odatatype":["Succeeded"]},"metadata":{"operationMetadataId":"453f715b-c491-4c53-855d-3ba12d32aa72"},"type":"Select","inputs":{"from":"@variables('ValueTemp')","select":"@removeProperty(item(), outputs('odatatype'))"},"runtimeConfiguration":{"secureData":{"properties":["inputs","outputs"]}}},"Select_Decent_JSON":{"runAfter":{"Select_Slightly_Better_JSON":["Succeeded"]},"metadata":{"operationMetadataId":"d565b804-2ccf-4eee-955b-209e4220b3fa"},"type":"Select","inputs":{"from":"@body('Select_Slightly_Better_JSON')","select":"@removeProperty(item(), outputs('Claimsodatatype'))"},"runtimeConfiguration":{"secureData":{"properties":["inputs","outputs"]}}}},"runAfter":{},"expression":"@not(contains(string(variables('ValueTemp')), '#Claimsodatatype'))","limit":{"count":60,"timeout":"PT1H"},"metadata":{"operationMetadataId":"83830e0a-58c0-496e-bf06-31d5fd79a22a"},"type":"Until"}},"runAfter":{"Check_for_Id":["Succeeded"]},"expression":{"contains":["@string(variables('ValueTemp'))","#Claimsodatatype"]},"metadata":{"operationMetadataId":"26865a81-b12d-407a-ad07-e8e8bd03ce87"},"type":"If"},"Check_for_Claims":{"actions":{"Do_until_Claims_gone":{"actions":{"Find_Claims_metadata":{"runAfter":{},"metadata":{"operationMetadataId":"de75fe4e-a915-4ad2-a1c5-08d9c1b4992b"},"type":"Compose","inputs":"@substring(\r\n    string(variables('ValueTemp')),\r\n    add(\r\n        lastIndexOf(\r\n            substring(\r\n                string(variables('ValueTemp')),\r\n                0,\r\n                indexOf(\r\n                    string(variables('ValueTemp')),\r\n                    '#Claims'\r\n                )\r\n            ),\r\n            '\"'\r\n        ),\r\n        1\r\n    ),\r\n    add(\r\n        sub(\r\n            indexOf(\r\n                string(variables('ValueTemp')),\r\n                '#Claims'\r\n            ),\r\n            lastIndexOf(\r\n                substring(\r\n                    string(variables('ValueTemp')),\r\n                    0,\r\n                    indexOf(\r\n                        string(variables('ValueTemp')),\r\n                        '#Claims'\r\n                    )\r\n                ),\r\n                '\"'\r\n            )\r\n        ),\r\n        6\r\n    )\r\n)","runtimeConfiguration":{"secureData":{"properties":["inputs"]}}},"Select_Pretty_Good_JSON":{"runAfter":{"PersonColumnName":["Succeeded"]},"metadata":{"operationMetadataId":"7c88c71f-0d84-4411-9146-80dd1864d576"},"type":"Select","inputs":{"from":"@variables('ValueTemp')","select":"@removeProperty(item(), outputs('Find_Claims_metadata'))"},"runtimeConfiguration":{"secureData":{"properties":["inputs","outputs"]}}},"PersonColumnName":{"runAfter":{"Find_Claims_metadata":["Succeeded"]},"metadata":{"operationMetadataId":"e7f1a521-1b5e-4830-967d-5b2c2ec9c2d1"},"type":"Compose","inputs":"@substring(outputs('Find_Claims_metadata'),0,indexOf(outputs('Find_Claims_metadata'),'#Claims'))","runtimeConfiguration":{"secureData":{"properties":["inputs"]}}},"Set_variable_7":{"runAfter":{"Select_Pretty_Good_JSON":["Succeeded"]},"metadata":{"operationMetadataId":"d36a0a4b-206c-4ea4-b69d-4d2acf57fdc8"},"type":"SetVariable","inputs":{"name":"ValueTemp","value":"@body('Select_Pretty_Good_JSON')"}}},"runAfter":{},"expression":"@not(contains(string(variables('ValueTemp')), '#Claims'))","limit":{"count":60,"timeout":"PT1H"},"metadata":{"operationMetadataId":"0e7afa37-fb5c-41fc-9d1e-6baeae090386"},"type":"Until"},"Do_until":{"actions":{"Condition_3":{"actions":{"Compose":{"runAfter":{},"metadata":{"operationMetadataId":"8ebea585-75c0-41ed-ac51-cd1329828cf2"},"type":"Compose","inputs":"@substring(\r\n    string(variables('ValueTemp')),\r\n    add(\r\n        lastIndexOf(\r\n            substring(\r\n                string(variables('ValueTemp')),\r\n                0,\r\n                indexOf(\r\n                    string(variables('ValueTemp')),\r\n                    '\"Claims\":\"'\r\n                )\r\n            ),\r\n            '\",'\r\n        ),\r\n        2\r\n    )\r\n)","runtimeConfiguration":{"secureData":{"properties":["inputs"]}}},"Compose_2":{"runAfter":{"Compose":["Succeeded"]},"metadata":{"operationMetadataId":"9abd3779-b918-4986-99d1-ac1f08ea13ec"},"type":"Compose","inputs":"@if(\r\n    contains(\r\n        string(outputs('Compose')),\r\n        'i:0#.f|membership|disable.'\r\n    ),\r\n    replace(\r\n        string(variables('ValueTemp')),\r\n        substring(\r\n            string(outputs('Compose')),\r\n            0,\r\n            add(\r\n                sub(\r\n                    indexOf(\r\n                        substring(\r\n                            string(outputs('Compose')),\r\n                            indexOf(\r\n                                string(outputs('Compose')),\r\n                                '\"Claims\":'\r\n                            )\r\n                        ),\r\n                        '\",'\r\n                    ),\r\n                    indexOf(\r\n                        string(outputs('Compose')),\r\n                        '\"Claims\":'\r\n                    )\r\n                ),\r\n                2\r\n            )\r\n        ),\r\n        ''\r\n    ),\r\n    string(variables('ValueTemp'))\r\n)","runtimeConfiguration":{"secureData":{"properties":["inputs"]}}},"Set_variable_8":{"runAfter":{"Compose_2":["Succeeded"]},"metadata":{"operationMetadataId":"01e389e3-3753-46c6-a936-1530c2a8f38e"},"type":"SetVariable","inputs":{"name":"ValueTemp","value":"@json(outputs('Compose_2'))"}}},"runAfter":{},"expression":{"contains":["@string(variables('ValueTemp'))","\"Claims\":\"i:0#.f|membership|disable."]},"metadata":{"operationMetadataId":"ec51cec0-33e2-4aa6-a015-a8159192ca16"},"type":"If"}},"runAfter":{"Do_until_Claims_gone":["Succeeded"]},"expression":"@not(contains(string(variables('ValueTemp')), '\"Claims\":\"i:0#.f|membership|disable.'))","limit":{"count":60,"timeout":"PT1H"},"metadata":{"operationMetadataId":"185a68a9-ce11-4810-a5c4-ad3dfa99f525"},"type":"Until"}},"runAfter":{"Check_for_ClaimsODATAType":["Succeeded"]},"expression":{"contains":["@string(variables('ValueTemp'))","#Claims"]},"metadata":{"operationMetadataId":"aebdfea0-c028-46ed-b815-aa60d923d90a"},"type":"If"},"Check_for_WssId":{"actions":{"Do_until_WssId_gone":{"actions":{"Find_base_propertyname_3":{"runAfter":{},"metadata":{"operationMetadataId":"4f82347c-94be-439f-afc4-38bde2ec976a"},"type":"Compose","inputs":"@substring(\r\n    string(variables('ValueTemp')),\r\n    add(\r\n        lastIndexOf(\r\n            substring(\r\n                string(variables('ValueTemp')),\r\n                0,\r\n                indexOf(\r\n                    string(variables('ValueTemp')),\r\n                    '#WssId'\r\n                )\r\n            ),\r\n            '\"'\r\n        ),\r\n        1\r\n    ),\r\n    sub(\r\n        sub(\r\n            indexOf(\r\n                string(variables('ValueTemp')),\r\n                '#WssId'\r\n            ),\r\n            lastIndexOf(\r\n                substring(\r\n                    string(variables('ValueTemp')),\r\n                    0,\r\n                    indexOf(\r\n                        string(variables('ValueTemp')),\r\n                        '#WssId'\r\n                    )\r\n                ),\r\n                '\"'\r\n            )\r\n        ),\r\n        1\r\n    )\r\n)","runtimeConfiguration":{"secureData":{"properties":["inputs"]}}},"Find_WssId_metadata":{"runAfter":{"Find_base_propertyname_3":["Succeeded"]},"metadata":{"operationMetadataId":"de75fe4e-a915-4ad2-a1c5-08d9c1b4992b"},"type":"Compose","inputs":"@concat(outputs('Find_base_propertyname_3'),'#WssId')","runtimeConfiguration":{"secureData":{"properties":["inputs"]}}},"Set_variable_6":{"runAfter":{"Select_Best_JSON":["Succeeded"]},"metadata":{"operationMetadataId":"e7735b36-e8b0-4d68-821e-e79a9fd95a4d"},"type":"SetVariable","inputs":{"name":"ValueTemp","value":"@body('Select_Best_JSON')"}},"Select_Best_JSON":{"runAfter":{"Find_WssId_metadata":["Succeeded"]},"metadata":{"operationMetadataId":"7c88c71f-0d84-4411-9146-80dd1864d576"},"type":"Select","inputs":{"from":"@variables('ValueTemp')","select":"@removeProperty(\r\n    removeProperty(\r\n        item(),\r\n        outputs('Find_WssId_metadata')\r\n    ),\r\n    outputs('Find_base_propertyname_3')\r\n)"},"runtimeConfiguration":{"secureData":{"properties":["inputs","outputs"]}}}},"runAfter":{},"expression":"@not(contains(string(variables('ValueTemp')), '#WssId'))","limit":{"count":60,"timeout":"PT1H"},"metadata":{"operationMetadataId":"0e7afa37-fb5c-41fc-9d1e-6baeae090386"},"type":"Until"}},"runAfter":{"Check_for_Claims":["Succeeded"]},"expression":{"contains":["@string(variables('ValueTemp'))","#WssId"]},"metadata":{"operationMetadataId":"aebdfea0-c028-46ed-b815-aa60d923d90a"},"type":"If"},"Fix_remnant_odatatype_stuff":{"runAfter":{"Check_for_WssId":["Succeeded"]},"metadata":{"operationMetadataId":"c1c8104e-570a-4f5d-bb8b-d5a0797ba2f2"},"type":"Compose","inputs":"@json(\r\n    replace(\r\n        string(\r\n            variables('ValueTemp')\r\n        ),\r\n        'odatatype',\r\n        '@odata.type'\r\n    )\r\n)","runtimeConfiguration":{"secureData":{"properties":["inputs"]}}},"Set_variable_4":{"runAfter":{"Fix_remnant_odatatype_stuff":["Succeeded"]},"metadata":{"operationMetadataId":"1f74ec1d-3173-44ce-a7f8-481cfc6c454f"},"type":"SetVariable","inputs":{"name":"ValueTemp","value":"@outputs('Fix_remnant_odatatype_stuff')"}},"Copy_new_List_Items":{"foreach":"@variables('ValueTemp')","actions":{"Create_item":{"runAfter":{},"metadata":{"operationMetadataId":"9a0a17a6-5790-4576-b4d6-cd9299629eb8"},"type":"OpenApiConnection","inputs":{"host":{"apiId":"/providers/Microsoft.PowerApps/apis/shared_sharepointonline","connectionName":"shared_sharepointonline","operationId":"PostItem"},"parameters":{"dataset":"@triggerBody()['text_1']","table":"@json(body('GetList')?['value'])?['bindings']?[replace(replace(json(body('GetList')?['value'])?['actions'][items('Apply_to_each_3')]['listName'],'[[',''),']]','')]?['defaultValue']","item":"@removeProperty(\r\n    removeProperty(\r\n        removeProperty(\r\n            items('Copy_new_List_Items'),\r\n            '{ContentType}'\r\n        ),\r\n        '{HasAttachments}'\r\n    ),\r\n    'ID'\r\n)"},"authentication":{"value":"@json(decodeBase64(triggerOutputs().headers['X-MS-APIM-Tokens']))['$ConnectionKey']","type":"Raw"}},"runtimeConfiguration":{"secureData":{"properties":["inputs","outputs"]}}},"Condition_2":{"actions":{"Get_attachments":{"runAfter":{},"metadata":{"operationMetadataId":"17c26a0b-72e0-4b1b-8bf0-4cf5dd6628f9"},"type":"OpenApiConnection","inputs":{"host":{"apiId":"/providers/Microsoft.PowerApps/apis/shared_sharepointonline","connectionName":"shared_sharepointonline","operationId":"GetItemAttachments"},"parameters":{"dataset":"@body('Substring')","table":"@json(body('GetList')?['value'])?['bindings']?[replace(replace(json(body('GetList')?['value'])?['actions'][items('Apply_to_each_3')]['listName'],'[[',''),']]','')]?['defaultValue']","itemId":"@items('Copy_new_List_Items')?['ID']"},"authentication":{"value":"@json(decodeBase64(triggerOutputs().headers['X-MS-APIM-Tokens']))['$ConnectionKey']","type":"Raw"}},"runtimeConfiguration":{"secureData":{"properties":["inputs","outputs"]}}},"Apply_to_each_2":{"foreach":"@body('Get_attachments')","actions":{"Get_attachment_content":{"runAfter":{},"metadata":{"operationMetadataId":"2bd66952-e64f-4246-bde9-4caa56f758b0"},"type":"OpenApiConnection","inputs":{"host":{"apiId":"/providers/Microsoft.PowerApps/apis/shared_sharepointonline","connectionName":"shared_sharepointonline","operationId":"GetAttachmentContent"},"parameters":{"dataset":"@body('Substring')","table":"@json(body('GetList')?['value'])?['bindings']?[replace(replace(json(body('GetList')?['value'])?['actions'][items('Apply_to_each_3')]['listName'],'[[',''),']]','')]?['defaultValue']","itemId":"@items('Copy_new_List_Items')?['ID']","attachmentId":"@item()?['Id']"},"authentication":{"value":"@json(decodeBase64(triggerOutputs().headers['X-MS-APIM-Tokens']))['$ConnectionKey']","type":"Raw"}},"runtimeConfiguration":{"secureData":{"properties":["inputs","outputs"]}}},"Add_attachment":{"runAfter":{"Get_attachment_content":["Succeeded"]},"metadata":{"operationMetadataId":"faecad4f-14c7-4f3f-93dc-fdb44a607d91"},"type":"OpenApiConnection","inputs":{"host":{"apiId":"/providers/Microsoft.PowerApps/apis/shared_sharepointonline","connectionName":"shared_sharepointonline","operationId":"CreateAttachment"},"parameters":{"dataset":"@triggerBody()['text_1']","table":"@json(body('GetList')?['value'])?['bindings']?[replace(replace(json(body('GetList')?['value'])?['actions'][items('Apply_to_each_3')]['listName'],'[[',''),']]','')]?['defaultValue']","itemId":"@outputs('Create_item')?['body/ID']","displayName":"@item()?['DisplayName']","body":"@body('Get_attachment_content')"},"authentication":{"value":"@json(decodeBase64(triggerOutputs().headers['X-MS-APIM-Tokens']))['$ConnectionKey']","type":"Raw"}},"runtimeConfiguration":{"secureData":{"properties":["inputs","outputs"]}}}},"runAfter":{"Get_attachments":["Succeeded"]},"metadata":{"operationMetadataId":"71f623d1-8640-4f8c-bdbf-d81f01664291"},"type":"Foreach"}},"runAfter":{"Create_item":["Succeeded"]},"expression":{"equals":["@items('Copy_new_List_Items')?['{HasAttachments}']","@true"]},"metadata":{"operationMetadataId":"8d2a3a1a-91a1-4882-a1f2-69481d0c8b5b"},"type":"If"}},"runAfter":{"Set_variable_4":["Succeeded"]},"metadata":{"operationMetadataId":"8cdd4a69-063a-42f9-b3e5-0cb296f5fafa"},"type":"Foreach","runtimeConfiguration":{"concurrency":{"repetitions":50}}}},"runAfter":{"Send_an_HTTP_request_to_SharePoint":["Succeeded"]},"metadata":{"operationMetadataId":"4ddb8d0f-40ae-466c-b4dc-c31c92425d42"},"type":"Foreach"},"Send_an_HTTP_request_to_SharePoint":{"runAfter":{"GetList":["Succeeded"]},"metadata":{"operationMetadataId":"babf90e4-758f-46d1-a0dc-c910c9ece690"},"type":"OpenApiConnection","inputs":{"host":{"apiId":"/providers/Microsoft.PowerApps/apis/shared_sharepointonline","connectionName":"shared_sharepointonline","operationId":"HttpRequest"},"parameters":{"dataset":"@triggerBody()['text_1']","parameters/method":"POST","parameters/uri":"_api/Microsoft.SharePoint.Utilities.WebTemplateExtensions.SiteScriptUtility.ExecuteTemplateScript()","parameters/headers":{"Accept":"application/json;odata=verbose","Content-Type":"application/json;odata=verbose"},"parameters/body":"{\"script\": \"@{replace(replace(string(json(body('GetList')?['value'])),'\\','\\\\'),'\"','\\\"')}\"}"},"retryPolicy":{"type":"fixed","count":1,"interval":"PT30S"},"authentication":{"value":"@json(decodeBase64(triggerOutputs().headers['X-MS-APIM-Tokens']))['$ConnectionKey']","type":"Raw"}},"description":"Where the magic happens. Original Reference: https://tomriha.com/create-new-sharepoint-list-from-existing-sp-list-with-power-automate/","runtimeConfiguration":{"staticResult":{"staticResultOptions":"Disabled","name":"Send_an_HTTP_request_to_SharePoint0"},"secureData":{"properties":["inputs","outputs"]}}},"Bad_target_URL_failure":{"runAfter":{"Send_an_HTTP_request_to_SharePoint":["Failed"]},"metadata":{"operationMetadataId":"d6013c94-3694-4209-8b95-1b4ec21b2194"},"type":"OpenApiConnection","inputs":{"host":{"apiId":"/providers/Microsoft.PowerApps/apis/shared_teams","connectionName":"shared_teams","operationId":"PostMessageToConversation"},"parameters":{"poster":"User","location":"Group chat","body/recipient":"48:notes","body/messageBody":"@outputs('OutputMessagesCompose')?['TargetSiteFailure']"},"authentication":{"value":"@json(decodeBase64(triggerOutputs().headers['X-MS-APIM-Tokens']))['$ConnectionKey']","type":"Raw"}}},"GetList":{"runAfter":{"Substring":["Succeeded"]},"metadata":{"operationMetadataId":"0da01246-a83f-4fa1-b4af-b648a820f28b"},"type":"OpenApiConnection","inputs":{"host":{"apiId":"/providers/Microsoft.PowerApps/apis/shared_sharepointonline","connectionName":"shared_sharepointonline","operationId":"HttpRequest"},"parameters":{"dataset":"@body('Substring')","parameters/method":"POST","parameters/uri":"_api/Microsoft.Sharepoint.Utilities.WebTemplateExtensions.SiteScriptUtility.GetSiteScriptFromList()","parameters/headers":{"Content-Type":"application/json;odata=verbose","Accept":"application/json; odata.metadata=minimal","ODATA-VERSION":"4.0"},"parameters/body":"{\n\"listUrl\":\"@{triggerBody()['text']}\"\n}"},"authentication":{"value":"@json(decodeBase64(triggerOutputs().headers['X-MS-APIM-Tokens']))['$ConnectionKey']","type":"Raw"}},"description":"Gets the site script from the srcList. It gets the actions on what fields to create and what views to create. Microsoft Reference: https://docs.microsoft.com/en-us/sharepoint/dev/declarative-customization/site-design-rest-api"},"Bad_source_URL_failure_2":{"runAfter":{"GetList":["Failed"]},"metadata":{"operationMetadataId":"d6013c94-3694-4209-8b95-1b4ec21b2194"},"type":"OpenApiConnection","inputs":{"host":{"apiId":"/providers/Microsoft.PowerApps/apis/shared_teams","connectionName":"shared_teams","operationId":"PostMessageToConversation"},"parameters":{"poster":"User","location":"Group chat","body/recipient":"48:notes","body/messageBody":"@outputs('OutputMessagesCompose')?['SourceListFailure']"},"authentication":{"value":"@json(decodeBase64(triggerOutputs().headers['X-MS-APIM-Tokens']))['$ConnectionKey']","type":"Raw"}}},"Bad_source_URL_failure":{"runAfter":{"Substring":["Failed"]},"metadata":{"operationMetadataId":"d6013c94-3694-4209-8b95-1b4ec21b2194"},"type":"OpenApiConnection","inputs":{"host":{"apiId":"/providers/Microsoft.PowerApps/apis/shared_teams","connectionName":"shared_teams","operationId":"PostMessageToConversation"},"parameters":{"poster":"User","location":"Group chat","body/recipient":"48:notes","body/messageBody":"@outputs('OutputMessagesCompose')?['SourceListFailure']"},"authentication":{"value":"@json(decodeBase64(triggerOutputs().headers['X-MS-APIM-Tokens']))['$ConnectionKey']","type":"Raw"}}},"Success_message":{"runAfter":{"Apply_to_each_3":["Succeeded"]},"metadata":{"operationMetadataId":"d6013c94-3694-4209-8b95-1b4ec21b2194"},"type":"OpenApiConnection","inputs":{"host":{"apiId":"/providers/Microsoft.PowerApps/apis/shared_teams","connectionName":"shared_teams","operationId":"PostMessageToConversation"},"parameters":{"poster":"User","location":"Group chat","body/recipient":"48:notes","body/messageBody":"@outputs('OutputMessagesCompose')?['ListImportSuccess']"},"authentication":{"value":"@json(decodeBase64(triggerOutputs().headers['X-MS-APIM-Tokens']))['$ConnectionKey']","type":"Raw"}}},"Post_message_in_a_chat_or_channel":{"runAfter":{"Apply_to_each_3":["Failed"]},"metadata":{"operationMetadataId":"1150897f-161a-45b8-8d04-e23864226297"},"type":"OpenApiConnection","inputs":{"host":{"apiId":"/providers/Microsoft.PowerApps/apis/shared_teams","connectionName":"shared_teams","operationId":"PostMessageToConversation"},"parameters":{"poster":"User","location":"Group chat","body/recipient":"48:notes","body/messageBody":"@outputs('OutputMessagesCompose')?['UnknownFailure']"},"authentication":{"value":"@json(decodeBase64(triggerOutputs().headers['X-MS-APIM-Tokens']))['$ConnectionKey']","type":"Raw"}}}}},"exportList":{"case":"exportList","actions":{"Substring_2":{"runAfter":{},"metadata":{"operationMetadataId":"a472ff94-2122-4517-b668-31f086430728"},"type":"Expression","kind":"Substring","inputs":{"text":"@triggerBody()['text']","startingPosition":0,"length":"@indexOf(\n    triggerBody()['text'],\n    '/Lists/'\n)"}},"GetList_2":{"runAfter":{"Substring_2":["Succeeded"]},"metadata":{"operationMetadataId":"f9e07383-40f4-4d40-98b5-e3a55a6a341d"},"type":"OpenApiConnection","inputs":{"host":{"apiId":"/providers/Microsoft.PowerApps/apis/shared_sharepointonline","connectionName":"shared_sharepointonline","operationId":"HttpRequest"},"parameters":{"dataset":"@body('Substring_2')","parameters/method":"POST","parameters/uri":"_api/Microsoft.Sharepoint.Utilities.WebTemplateExtensions.SiteScriptUtility.GetSiteScriptFromList()","parameters/headers":{"Content-Type":"application/json;odata=verbose","Accept":"application/json; odata.metadata=minimal","ODATA-VERSION":"4.0"},"parameters/body":"{\n\"listUrl\":\"@{triggerBody()['text']}\"\n}"},"authentication":{"value":"@json(decodeBase64(triggerOutputs().headers['X-MS-APIM-Tokens']))['$ConnectionKey']","type":"Raw"}},"runtimeConfiguration":{"secureData":{"properties":["inputs","outputs"]}}},"Post_message_in_a_chat_or_channel_4":{"runAfter":{"Substring_2":["Failed"]},"metadata":{"operationMetadataId":"814f9f2c-5614-4339-b6d6-f90ae77fa379"},"type":"OpenApiConnection","inputs":{"host":{"apiId":"/providers/Microsoft.PowerApps/apis/shared_teams","connectionName":"shared_teams","operationId":"PostMessageToConversation"},"parameters":{"poster":"User","location":"Group chat","body/recipient":"48:notes","body/messageBody":"@outputs('OutputMessagesCompose')?['SourceListFailure']"},"authentication":{"value":"@json(decodeBase64(triggerOutputs().headers['X-MS-APIM-Tokens']))['$ConnectionKey']","type":"Raw"}}},"Apply_to_each_4":{"foreach":"@range(0,length(json(body('GetList_2')?['value'])?['actions']))","actions":{"Get_items_2":{"runAfter":{},"metadata":{"operationMetadataId":"a9a39f6d-1632-4a6d-896a-437919fdc6ce"},"type":"OpenApiConnection","inputs":{"host":{"apiId":"/providers/Microsoft.PowerApps/apis/shared_sharepointonline","connectionName":"shared_sharepointonline","operationId":"GetItems"},"parameters":{"dataset":"@body('Substring_2')","table":"@json(body('GetList_2')?['value'])?['bindings']?[replace(replace(json(body('GetList_2')?['value'])?['actions'][items('Apply_to_each_4')]['listName'],'[[',''),']]','')]?['defaultValue']","viewScopeOption":"RecursiveAll","$orderby":"ID asc","$top":100000},"authentication":{"value":"@json(decodeBase64(triggerOutputs().headers['X-MS-APIM-Tokens']))['$ConnectionKey']","type":"Raw"}},"runtimeConfiguration":{"paginationPolicy":{"minimumItemCount":100000},"secureData":{"properties":["inputs","outputs"]}}},"Send_an_HTTP_request":{"runAfter":{"Get_items_2":["Succeeded"]},"metadata":{"operationMetadataId":"d38f6ecf-7bca-4609-88f1-957f78b1c8d8"},"type":"OpenApiConnection","inputs":{"host":{"apiId":"/providers/Microsoft.PowerApps/apis/shared_office365users","connectionName":"shared_office365users","operationId":"HttpRequest"},"parameters":{"Uri":"https://dod-graph.microsoft.us/v1.0/me/drive/root:/@{json(body('GetList_2')?['value'])?['bindings']?[replace(replace(json(body('GetList_2')?['value'])?['actions'][items('Apply_to_each_4')]['listName'],'[[',''),']]','')]?['defaultValue']}.json:/content","Method":"PUT","Body":"@body('Get_items_2')?['value']","ContentType":"text/plain"},"authentication":{"value":"@json(decodeBase64(triggerOutputs().headers['X-MS-APIM-Tokens']))['$ConnectionKey']","type":"Raw"}},"runtimeConfiguration":{"secureData":{"properties":["inputs","outputs"]}}}},"runAfter":{"GetList_2":["Succeeded"]},"metadata":{"operationMetadataId":"adee6449-4894-43d6-9565-b18a3d1ef9e6"},"type":"Foreach"},"Post_message_in_a_chat_or_channel_2":{"runAfter":{"Apply_to_each_4":["Succeeded"]},"metadata":{"operationMetadataId":"99db877d-5c9d-4af1-a06b-c262f9747a45"},"type":"OpenApiConnection","inputs":{"host":{"apiId":"/providers/Microsoft.PowerApps/apis/shared_teams","connectionName":"shared_teams","operationId":"PostMessageToConversation"},"parameters":{"poster":"User","location":"Group chat","body/recipient":"48:notes","body/messageBody":"@outputs('OutputMessagesCompose')?['ListExportSuccess']"},"authentication":{"value":"@json(decodeBase64(triggerOutputs().headers['X-MS-APIM-Tokens']))['$ConnectionKey']","type":"Raw"}}},"Post_message_in_a_chat_or_channel_5":{"runAfter":{"Apply_to_each_4":["Failed"]},"metadata":{"operationMetadataId":"6ee611bf-9b34-4c4a-8d58-86f340eecbdd"},"type":"OpenApiConnection","inputs":{"host":{"apiId":"/providers/Microsoft.PowerApps/apis/shared_teams","connectionName":"shared_teams","operationId":"PostMessageToConversation"},"parameters":{"poster":"User","location":"Group chat","body/recipient":"48:notes","body/messageBody":"@outputs('OutputMessagesCompose')?['UnknownFailure']"},"authentication":{"value":"@json(decodeBase64(triggerOutputs().headers['X-MS-APIM-Tokens']))['$ConnectionKey']","type":"Raw"}}}}},"importList":{"case":"importList","actions":{"Success_message_2":{"runAfter":{"Get_and_Clean_List_Items_2":["Succeeded"]},"metadata":{"operationMetadataId":"d6013c94-3694-4209-8b95-1b4ec21b2194"},"type":"OpenApiConnection","inputs":{"host":{"apiId":"/providers/Microsoft.PowerApps/apis/shared_teams","connectionName":"shared_teams","operationId":"PostMessageToConversation"},"parameters":{"poster":"User","location":"Group chat","body/recipient":"48:notes","body/messageBody":"@outputs('OutputMessagesCompose')?['ListImportSuccess']"},"authentication":{"value":"@json(decodeBase64(triggerOutputs().headers['X-MS-APIM-Tokens']))['$ConnectionKey']","type":"Raw"}}},"Post_message_in_a_chat_or_channel_3":{"runAfter":{"Get_and_Clean_List_Items_2":["Failed"]},"metadata":{"operationMetadataId":"1150897f-161a-45b8-8d04-e23864226297"},"type":"OpenApiConnection","inputs":{"host":{"apiId":"/providers/Microsoft.PowerApps/apis/shared_teams","connectionName":"shared_teams","operationId":"PostMessageToConversation"},"parameters":{"poster":"User","location":"Group chat","body/recipient":"48:notes","body/messageBody":"@outputs('OutputMessagesCompose')?['UnknownFailure']"},"authentication":{"value":"@json(decodeBase64(triggerOutputs().headers['X-MS-APIM-Tokens']))['$ConnectionKey']","type":"Raw"}}},"Get_and_Clean_List_Items_2":{"actions":{"Select_Okay_JSON_2":{"runAfter":{},"metadata":{"operationMetadataId":"f8398ffa-9c60-4d4d-b92d-a0a7d92fead9"},"type":"Select","inputs":{"from":"@json(\r\n    replace(\r\n        replace(\r\n            base64ToString(\r\n                triggerBody()?['file']?['contentBytes']\r\n            ),\r\n            '@odata.etag',\r\n            'odataetag'\r\n        ),\r\n        '@odata.type',\r\n        'odatatype'\r\n    )\r\n)","select":"@removeProperty(\r\n    removeProperty(\r\n        removeProperty(\r\n            removeProperty(\r\n                removeProperty(\r\n                    removeProperty(\r\n                        removeProperty(\r\n                            removeProperty(\r\n                                removeProperty(\r\n                                    removeProperty(\r\n                                        removeProperty(\r\n                                            removeProperty(\r\n                                                removeProperty(\r\n                                                    removeProperty(\r\n                                                        removeProperty(\r\n                                                            removeProperty(\r\n                                                                removeProperty(\r\n                                                                    removeProperty(\r\n                                                                        removeProperty(\r\n                                                                            item(),\r\n                                                                            'odataetag'\r\n                                                                        ),\r\n                                                                        'ItemInternalId'\r\n                                                                    ),\r\n                                                                    'Created'\r\n                                                                ),\r\n                                                                'Modified'\r\n                                                            ),\r\n                                                            'Author'\r\n                                                        ),\r\n                                                        'Author#Claims'\r\n                                                    ),\r\n                                                    'Editor'\r\n                                                ),\r\n                                                'Editor#Claims'\r\n                                            ),\r\n                                            '{Identifier}'\r\n                                        ),\r\n                                        '{IsFolder}'\r\n                                    ),\r\n                                    '{Thumbnail}'\r\n                                ),\r\n                                '{Link}'\r\n                            ),\r\n                            '{Name}'\r\n                        ),\r\n                        '{FilenameWithExtension}'\r\n                    ),\r\n                    '{Path}'\r\n                ),\r\n                '{FullPath}'\r\n            ),\r\n            '{VersionNumber}'\r\n        ),\r\n        '{ModerationStatus}'\r\n    ),\r\n    '{ModerationComment}'\r\n)"},"runtimeConfiguration":{"secureData":{"properties":["inputs","outputs"]}}},"Re-set_ValueTemp_2":{"runAfter":{"Select_Okay_JSON_2":["Succeeded"]},"metadata":{"operationMetadataId":"ee6e3de2-9bd7-40f6-8892-724dfd7d7b75"},"type":"SetVariable","inputs":{"name":"ValueTemp","value":"@body('Select_Okay_JSON_2')"}},"Set_variable_2":{"runAfter":{"Fix_remnant_odatatype_stuff_2":["Succeeded"]},"metadata":{"operationMetadataId":"1f74ec1d-3173-44ce-a7f8-481cfc6c454f"},"type":"SetVariable","inputs":{"name":"ValueTemp","value":"@outputs('Fix_remnant_odatatype_stuff_2')"}},"Fix_remnant_odatatype_stuff_2":{"runAfter":{"Check_for_WssId_2":["Succeeded"]},"metadata":{"operationMetadataId":"c1c8104e-570a-4f5d-bb8b-d5a0797ba2f2"},"type":"Compose","inputs":"@json(replace(string(variables('ValueTemp')), 'odatatype', '@odata.type'))","runtimeConfiguration":{"secureData":{"properties":["inputs"]}}},"Check_for_IdODATAType_2":{"actions":{"Do_until_Idodatatype_gone_2":{"actions":{"Find_base_propertyname_4":{"runAfter":{},"metadata":{"operationMetadataId":"4f82347c-94be-439f-afc4-38bde2ec976a"},"type":"Compose","inputs":"@substring(string(variables('ValueTemp')), add(lastIndexOf(substring(string(variables('ValueTemp')), 0, indexOf(string(variables('ValueTemp')), '#Idodatatype')), '\"'), 1), sub(sub(indexOf(string(variables('ValueTemp')), '#Idodatatype'), lastIndexOf(substring(string(variables('ValueTemp')), 0, indexOf(string(variables('ValueTemp')), '#Idodatatype')), '\"')), 1))","runtimeConfiguration":{"secureData":{"properties":["inputs"]}}},"odatatype_3":{"runAfter":{"Find_base_propertyname_4":["Succeeded"]},"metadata":{"operationMetadataId":"49555465-a8a5-4083-8f22-09222577c0e6"},"type":"Compose","inputs":"@concat(outputs('Find_base_propertyname_4'), 'odatatype')","runtimeConfiguration":{"secureData":{"properties":["inputs"]}}},"Idodatatype_2":{"runAfter":{"Find_base_propertyname_4":["Succeeded"]},"metadata":{"operationMetadataId":"8d0b8d89-433e-4f49-80f1-53b82f4358a3"},"type":"Compose","inputs":"@concat(outputs('Find_base_propertyname_4'), '#Idodatatype')","runtimeConfiguration":{"secureData":{"properties":["inputs"]}}},"Set_variable_9":{"runAfter":{"Select_Decent_JSON_3":["Succeeded"]},"metadata":{"operationMetadataId":"5ba69778-1a28-4777-aad6-8e6dac16cdb0"},"type":"SetVariable","inputs":{"name":"ValueTemp","value":"@body('Select_Decent_JSON_3')"}},"Select_Slightly_Better_JSON_3":{"runAfter":{"Idodatatype_2":["Succeeded"],"odatatype_3":["Succeeded"]},"metadata":{"operationMetadataId":"453f715b-c491-4c53-855d-3ba12d32aa72"},"type":"Select","inputs":{"from":"@variables('ValueTemp')","select":"@removeProperty(item(), outputs('odatatype_3'))"},"runtimeConfiguration":{"secureData":{"properties":["inputs","outputs"]}}},"Select_Decent_JSON_3":{"runAfter":{"Select_Slightly_Better_JSON_3":["Succeeded"]},"metadata":{"operationMetadataId":"d565b804-2ccf-4eee-955b-209e4220b3fa"},"type":"Select","inputs":{"from":"@body('Select_Slightly_Better_JSON_3')","select":"@removeProperty(item(), outputs('Idodatatype_2'))"},"runtimeConfiguration":{"secureData":{"properties":["inputs","outputs"]}}}},"runAfter":{},"expression":"@not(contains(string(variables('ValueTemp')), '#Idodatatype'))","limit":{"count":60,"timeout":"PT1H"},"metadata":{"operationMetadataId":"83830e0a-58c0-496e-bf06-31d5fd79a22a"},"type":"Until"}},"runAfter":{"Re-set_ValueTemp_2":["Succeeded"]},"expression":{"contains":["@string(variables('ValueTemp'))","#Idodatatype"]},"metadata":{"operationMetadataId":"c7c983fe-628c-416c-a689-aee0e77b1cce"},"type":"If"},"Check_for_Id_2":{"actions":{"Do_until_Id_gone_2":{"actions":{"Find_Id_metadata_2":{"runAfter":{},"metadata":{"operationMetadataId":"10173af1-adce-4737-930c-e06fc90c744f"},"type":"Compose","inputs":"@substring(string(variables('ValueTemp')), add(lastIndexOf(substring(string(variables('ValueTemp')), 0, indexOf(string(variables('ValueTemp')), '#Id')), '\"'), 1), add(sub(indexOf(string(variables('ValueTemp')), '#Id'), lastIndexOf(substring(string(variables('ValueTemp')), 0, indexOf(string(variables('ValueTemp')), '#Id')), '\"')), 2))","runtimeConfiguration":{"secureData":{"properties":["inputs"]}}},"Select_Better_JSON_2":{"runAfter":{"Find_Id_metadata_2":["Succeeded"]},"metadata":{"operationMetadataId":"6d8ba34d-e2fd-45a1-93ba-696483bed91f"},"type":"Select","inputs":{"from":"@variables('ValueTemp')","select":"@removeProperty(item(), outputs('Find_Id_metadata_2'))"},"runtimeConfiguration":{"secureData":{"properties":["inputs","outputs"]}}},"Set_variable_10":{"runAfter":{"Select_Better_JSON_2":["Succeeded"]},"metadata":{"operationMetadataId":"16462073-d8a5-4927-b2fc-af2849782e10"},"type":"SetVariable","inputs":{"name":"ValueTemp","value":"@body('Select_Better_JSON_2')"}}},"runAfter":{},"expression":"@not(contains(string(variables('ValueTemp')), '#Id'))","limit":{"count":60,"timeout":"PT1H"},"metadata":{"operationMetadataId":"47ab9baa-fcd3-4cf7-a427-81a017e4bef7"},"type":"Until"}},"runAfter":{"Check_for_IdODATAType_2":["Succeeded"]},"expression":{"contains":["@string(variables('ValueTemp'))","#Id"]},"metadata":{"operationMetadataId":"c9b7e7d2-1548-4f2c-98cf-dd9fc0e90eac"},"type":"If"},"Check_for_ClaimsODATAType_2":{"actions":{"Do_until_Claimsodatatype_gone_2":{"actions":{"Find_base_propertyname_5":{"runAfter":{},"metadata":{"operationMetadataId":"4f82347c-94be-439f-afc4-38bde2ec976a"},"type":"Compose","inputs":"@substring(string(variables('ValueTemp')), add(lastIndexOf(substring(string(variables('ValueTemp')), 0, indexOf(string(variables('ValueTemp')), '#Claimsodatatype')), '\"'), 1), sub(sub(indexOf(string(variables('ValueTemp')), '#Claimsodatatype'), lastIndexOf(substring(string(variables('ValueTemp')), 0, indexOf(string(variables('ValueTemp')), '#Claimsodatatype')), '\"')), 1))","runtimeConfiguration":{"secureData":{"properties":["inputs"]}}},"odatatype_4":{"runAfter":{"Find_base_propertyname_5":["Succeeded"]},"metadata":{"operationMetadataId":"49555465-a8a5-4083-8f22-09222577c0e6"},"type":"Compose","inputs":"@concat(outputs('Find_base_propertyname_5'), 'odatatype')","runtimeConfiguration":{"secureData":{"properties":["inputs"]}}},"Claimsodatatype_2":{"runAfter":{"Find_base_propertyname_5":["Succeeded"]},"metadata":{"operationMetadataId":"8d0b8d89-433e-4f49-80f1-53b82f4358a3"},"type":"Compose","inputs":"@concat(outputs('Find_base_propertyname_5'), '#Claimsodatatype')","runtimeConfiguration":{"secureData":{"properties":["inputs"]}}},"Set_variable_11":{"runAfter":{"Select_Decent_JSON_4":["Succeeded"]},"metadata":{"operationMetadataId":"5ba69778-1a28-4777-aad6-8e6dac16cdb0"},"type":"SetVariable","inputs":{"name":"ValueTemp","value":"@body('Select_Decent_JSON_4')"}},"Select_Slightly_Better_JSON_4":{"runAfter":{"Claimsodatatype_2":["Succeeded"],"odatatype_4":["Succeeded"]},"metadata":{"operationMetadataId":"453f715b-c491-4c53-855d-3ba12d32aa72"},"type":"Select","inputs":{"from":"@variables('ValueTemp')","select":"@removeProperty(item(), outputs('odatatype_4'))"},"runtimeConfiguration":{"secureData":{"properties":["inputs","outputs"]}}},"Select_Decent_JSON_4":{"runAfter":{"Select_Slightly_Better_JSON_4":["Succeeded"]},"metadata":{"operationMetadataId":"d565b804-2ccf-4eee-955b-209e4220b3fa"},"type":"Select","inputs":{"from":"@body('Select_Slightly_Better_JSON_4')","select":"@removeProperty(item(), outputs('Claimsodatatype_2'))"},"runtimeConfiguration":{"secureData":{"properties":["inputs","outputs"]}}}},"runAfter":{},"expression":"@not(contains(string(variables('ValueTemp')), '#Claimsodatatype'))","limit":{"count":60,"timeout":"PT1H"},"metadata":{"operationMetadataId":"83830e0a-58c0-496e-bf06-31d5fd79a22a"},"type":"Until"}},"runAfter":{"Check_for_Id_2":["Succeeded"]},"expression":{"contains":["@string(variables('ValueTemp'))","#Claimsodatatype"]},"metadata":{"operationMetadataId":"26865a81-b12d-407a-ad07-e8e8bd03ce87"},"type":"If"},"Check_for_Claims_2":{"actions":{"Do_until_Claims_gone_2":{"actions":{"Find_Claims_metadata_2":{"runAfter":{},"metadata":{"operationMetadataId":"de75fe4e-a915-4ad2-a1c5-08d9c1b4992b"},"type":"Compose","inputs":"@substring(string(variables('ValueTemp')), add(lastIndexOf(substring(string(variables('ValueTemp')), 0, indexOf(string(variables('ValueTemp')), '#Claims')), '\"'), 1), add(sub(indexOf(string(variables('ValueTemp')), '#Claims'), lastIndexOf(substring(string(variables('ValueTemp')), 0, indexOf(string(variables('ValueTemp')), '#Claims')), '\"')), 6))","runtimeConfiguration":{"secureData":{"properties":["inputs"]}}},"Select_Pretty_Good_JSON_2":{"runAfter":{"PersonColumnName_2":["Succeeded"]},"metadata":{"operationMetadataId":"7c88c71f-0d84-4411-9146-80dd1864d576"},"type":"Select","inputs":{"from":"@variables('ValueTemp')","select":"@removeProperty(item(), outputs('Find_Claims_metadata_2'))"},"runtimeConfiguration":{"secureData":{"properties":["inputs","outputs"]}}},"PersonColumnName_2":{"runAfter":{"Find_Claims_metadata_2":["Succeeded"]},"metadata":{"operationMetadataId":"e7f1a521-1b5e-4830-967d-5b2c2ec9c2d1"},"type":"Compose","inputs":"@substring(outputs('Find_Claims_metadata_2'), 0, indexOf(outputs('Find_Claims_metadata_2'), '#Claims'))","runtimeConfiguration":{"secureData":{"properties":["inputs"]}}},"Set_variable_12":{"runAfter":{"Select_Pretty_Good_JSON_2":["Succeeded"]},"metadata":{"operationMetadataId":"d36a0a4b-206c-4ea4-b69d-4d2acf57fdc8"},"type":"SetVariable","inputs":{"name":"ValueTemp","value":"@body('Select_Pretty_Good_JSON_2')"}}},"runAfter":{},"expression":"@not(contains(string(variables('ValueTemp')), '#Claims'))","limit":{"count":60,"timeout":"PT1H"},"metadata":{"operationMetadataId":"0e7afa37-fb5c-41fc-9d1e-6baeae090386"},"type":"Until"},"Do_until_2":{"actions":{"Condition_4":{"actions":{"Compose_3":{"runAfter":{},"metadata":{"operationMetadataId":"8ebea585-75c0-41ed-ac51-cd1329828cf2"},"type":"Compose","inputs":"@substring(\r\n    string(variables('ValueTemp')),\r\n    add(\r\n        lastIndexOf(\r\n            substring(\r\n                string(variables('ValueTemp')),\r\n                0,\r\n                indexOf(\r\n                    string(variables('ValueTemp')),\r\n                    '\"Claims\":\"'\r\n                )\r\n            ),\r\n            '\",'\r\n        ),\r\n        2\r\n    )\r\n)","runtimeConfiguration":{"secureData":{"properties":["inputs"]}}},"Compose_4":{"runAfter":{"Compose_3":["Succeeded"]},"metadata":{"operationMetadataId":"9abd3779-b918-4986-99d1-ac1f08ea13ec"},"type":"Compose","inputs":"@if(\r\n    contains(\r\n        string(outputs('Compose_3')),\r\n        'i:0#.f|membership|disable.'\r\n    ),\r\n    replace(\r\n        string(variables('ValueTemp')),\r\n        substring(\r\n            string(outputs('Compose_3')),\r\n            0,\r\n            add(\r\n                sub(\r\n                    indexOf(\r\n                        substring(\r\n                            string(outputs('Compose_3')),\r\n                            indexOf(\r\n                                string(outputs('Compose_3')),\r\n                                '\"Claims\":'\r\n                            )\r\n                        ),\r\n                        '\",'\r\n                    ),\r\n                    indexOf(\r\n                        string(outputs('Compose_3')),\r\n                        '\"Claims\":'\r\n                    )\r\n                ),\r\n                2\r\n            )\r\n        ),\r\n        ''\r\n    ),\r\n    string(variables('ValueTemp'))\r\n)","runtimeConfiguration":{"secureData":{"properties":["inputs"]}}},"Set_variable_13":{"runAfter":{"Compose_4":["Succeeded"]},"metadata":{"operationMetadataId":"01e389e3-3753-46c6-a936-1530c2a8f38e"},"type":"SetVariable","inputs":{"name":"ValueTemp","value":"@json(outputs('Compose_4'))"}}},"runAfter":{},"expression":{"contains":["@string(variables('ValueTemp'))","\"Claims\":\"i:0#.f|membership|disable."]},"metadata":{"operationMetadataId":"3841f1a6-7337-474b-a5be-7493258c3f38"},"type":"If"}},"runAfter":{"Do_until_Claims_gone_2":["Succeeded"]},"expression":"@not(contains(string(variables('ValueTemp')), '\"Claims\":\"i:0#.f|membership|disable.'))","limit":{"count":60,"timeout":"PT1H"},"metadata":{"operationMetadataId":"185a68a9-ce11-4810-a5c4-ad3dfa99f525"},"type":"Until"}},"runAfter":{"Check_for_ClaimsODATAType_2":["Succeeded"]},"expression":{"contains":["@string(variables('ValueTemp'))","#Claims"]},"metadata":{"operationMetadataId":"aebdfea0-c028-46ed-b815-aa60d923d90a"},"type":"If"},"Check_for_WssId_2":{"actions":{"Do_until_WssId_gone_2":{"actions":{"Find_base_propertyname_6":{"runAfter":{},"metadata":{"operationMetadataId":"4f82347c-94be-439f-afc4-38bde2ec976a"},"type":"Compose","inputs":"@substring(string(variables('ValueTemp')), add(lastIndexOf(substring(string(variables('ValueTemp')), 0, indexOf(string(variables('ValueTemp')), '#WssId')), '\"'), 1), sub(sub(indexOf(string(variables('ValueTemp')), '#WssId'), lastIndexOf(substring(string(variables('ValueTemp')), 0, indexOf(string(variables('ValueTemp')), '#WssId')), '\"')), 1))","runtimeConfiguration":{"secureData":{"properties":["inputs"]}}},"Find_WssId_metadata_2":{"runAfter":{"Find_base_propertyname_6":["Succeeded"]},"metadata":{"operationMetadataId":"de75fe4e-a915-4ad2-a1c5-08d9c1b4992b"},"type":"Compose","inputs":"@concat(outputs('Find_base_propertyname_6'), '#WssId')","runtimeConfiguration":{"secureData":{"properties":["inputs"]}}},"Set_variable_14":{"runAfter":{"Select_Best_JSON_2":["Succeeded"]},"metadata":{"operationMetadataId":"e7735b36-e8b0-4d68-821e-e79a9fd95a4d"},"type":"SetVariable","inputs":{"name":"ValueTemp","value":"@body('Select_Best_JSON_2')"}},"Select_Best_JSON_2":{"runAfter":{"Find_WssId_metadata_2":["Succeeded"]},"metadata":{"operationMetadataId":"7c88c71f-0d84-4411-9146-80dd1864d576"},"type":"Select","inputs":{"from":"@variables('ValueTemp')","select":"@removeProperty(removeProperty(item(), outputs('Find_WssId_metadata_2')), outputs('Find_base_propertyname_6'))"},"runtimeConfiguration":{"secureData":{"properties":["inputs","outputs"]}}}},"runAfter":{},"expression":"@not(contains(string(variables('ValueTemp')), '#WssId'))","limit":{"count":60,"timeout":"PT1H"},"metadata":{"operationMetadataId":"0e7afa37-fb5c-41fc-9d1e-6baeae090386"},"type":"Until"}},"runAfter":{"Check_for_Claims_2":["Succeeded"]},"expression":{"contains":["@string(variables('ValueTemp'))","#WssId"]},"metadata":{"operationMetadataId":"aebdfea0-c028-46ed-b815-aa60d923d90a"},"type":"If"},"Copy_new_List_Items_2":{"foreach":"@variables('ValueTemp')","actions":{"Create_item_2":{"runAfter":{},"metadata":{"operationMetadataId":"9a0a17a6-5790-4576-b4d6-cd9299629eb8"},"type":"OpenApiConnection","inputs":{"host":{"apiId":"/providers/Microsoft.PowerApps/apis/shared_sharepointonline","connectionName":"shared_sharepointonline","operationId":"PostItem"},"parameters":{"dataset":"@triggerBody()['text_1']","table":"@slice(\r\n    first(\r\n        json(\r\n            base64ToString(\r\n                triggerBody()?['file']?['contentBytes']\r\n            )\r\n        )\r\n    )?['{Path}'],\r\n    add(\r\n        indexOf(\r\n            first(\r\n                json(\r\n                    base64ToString(\r\n                        triggerBody()?['file']?['contentBytes']\r\n                    )\r\n                )\r\n            )?['{Path}'],\r\n            '/'\r\n        ),\r\n        1\r\n    ),\r\n    lastIndexOf(\r\n        first(\r\n            json(\r\n                base64ToString(\r\n                    triggerBody()?['file']?['contentBytes']\r\n                )\r\n            )\r\n        )?['{Path}'],\r\n        '/'\r\n    )\r\n)","item":"@removeProperty(removeProperty(removeProperty(items('Copy_new_List_Items_2'), '{ContentType}'), '{HasAttachments}'), 'ID')"},"authentication":{"value":"@json(decodeBase64(triggerOutputs().headers['X-MS-APIM-Tokens']))['$ConnectionKey']","type":"Raw"}},"runtimeConfiguration":{"secureData":{"properties":["inputs","outputs"]}}}},"runAfter":{"Set_variable_2":["Succeeded"]},"metadata":{"operationMetadataId":"8cdd4a69-063a-42f9-b3e5-0cb296f5fafa"},"type":"Foreach","runtimeConfiguration":{"concurrency":{"repetitions":50}}}},"runAfter":{"Set_ValueTemp_2":["Succeeded"]},"metadata":{"operationMetadataId":"5a280b6f-c3db-4c90-a189-b48fff60328f"},"type":"Scope"},"Set_ValueTemp_2":{"runAfter":{},"metadata":{"operationMetadataId":"b58bbf7f-a495-47b2-89c1-9b63589756b4"},"type":"SetVariable","inputs":{"name":"ValueTemp","value":"@json(\r\n    replace(\r\n        replace(\r\n            base64ToString(\r\n                triggerBody()?['file']?['contentBytes']\r\n            ),\r\n            '@odata.etag',\r\n            'odataetag'\r\n        ),\r\n        '@odata.type',\r\n        'odatatype'\r\n    )\r\n)"}}}},"exportTemplate":{"case":"exportTemplate","actions":{"Condition":{"actions":{"Substring_3":{"runAfter":{},"metadata":{"operationMetadataId":"71781cf1-6926-4e55-92e3-dedf5a562439"},"type":"Expression","kind":"Substring","inputs":{"text":"@triggerBody()?['text']","startingPosition":0,"length":"@indexOf(\r\n    triggerBody()['text'],\r\n    '/Lists/'\r\n)"}},"Post_message_in_a_chat_or_channel_9":{"runAfter":{"Send_an_HTTP_request_2":["Succeeded"]},"metadata":{"operationMetadataId":"315aba25-327b-4e24-8ad1-db210645c969"},"type":"OpenApiConnection","inputs":{"host":{"apiId":"/providers/Microsoft.PowerApps/apis/shared_teams","connectionName":"shared_teams","operationId":"PostMessageToConversation"},"parameters":{"poster":"User","location":"Group chat","body/recipient":"48:notes","body/messageBody":"<p><at>@{triggerBody()['email']}</at> List Template file created successfully - check your OneDrive for <a href=\"@{body('Send_an_HTTP_request_2')?['webUrl']}\">@{body('Send_an_HTTP_request_2')?['name']}</a>.</p>"},"authentication":{"value":"@json(decodeBase64(triggerOutputs().headers['X-MS-APIM-Tokens']))['$ConnectionKey']","type":"Raw"}}},"GetList_3":{"runAfter":{"Substring_3":["Succeeded"]},"metadata":{"operationMetadataId":"0da01246-a83f-4fa1-b4af-b648a820f28b"},"type":"OpenApiConnection","inputs":{"host":{"apiId":"/providers/Microsoft.PowerApps/apis/shared_sharepointonline","connectionName":"shared_sharepointonline","operationId":"HttpRequest"},"parameters":{"dataset":"@body('Substring_3')","parameters/method":"POST","parameters/uri":"_api/Microsoft.Sharepoint.Utilities.WebTemplateExtensions.SiteScriptUtility.GetSiteScriptFromList()","parameters/headers":{"Content-Type":"application/json;odata=verbose","Accept":"application/json; odata.metadata=minimal","ODATA-VERSION":"4.0"},"parameters/body":"{\n\"listUrl\":\"@{triggerBody()['text']}\"\n}"},"authentication":{"value":"@json(decodeBase64(triggerOutputs().headers['X-MS-APIM-Tokens']))['$ConnectionKey']","type":"Raw"}},"description":"Gets the site script from the srcList. It gets the actions on what fields to create and what views to create. Microsoft Reference: https://docs.microsoft.com/en-us/sharepoint/dev/declarative-customization/site-design-rest-api","runtimeConfiguration":{"secureData":{"properties":["inputs","outputs"]}}},"Bad_source_URL_failure_4":{"runAfter":{"Substring_3":["Failed"]},"metadata":{"operationMetadataId":"d6013c94-3694-4209-8b95-1b4ec21b2194"},"type":"OpenApiConnection","inputs":{"host":{"apiId":"/providers/Microsoft.PowerApps/apis/shared_teams","connectionName":"shared_teams","operationId":"PostMessageToConversation"},"parameters":{"poster":"User","location":"Group chat","body/recipient":"48:notes","body/messageBody":"@outputs('OutputMessagesCompose')?['SourceListFailure']"},"authentication":{"value":"@json(decodeBase64(triggerOutputs().headers['X-MS-APIM-Tokens']))['$ConnectionKey']","type":"Raw"}}},"Bad_source_URL_failure_3":{"runAfter":{"GetList_3":["Failed"]},"metadata":{"operationMetadataId":"d6013c94-3694-4209-8b95-1b4ec21b2194"},"type":"OpenApiConnection","inputs":{"host":{"apiId":"/providers/Microsoft.PowerApps/apis/shared_teams","connectionName":"shared_teams","operationId":"PostMessageToConversation"},"parameters":{"poster":"User","location":"Group chat","body/recipient":"48:notes","body/messageBody":"@outputs('OutputMessagesCompose')?['SourceListFailure']"},"authentication":{"value":"@json(decodeBase64(triggerOutputs().headers['X-MS-APIM-Tokens']))['$ConnectionKey']","type":"Raw"}}},"Send_an_HTTP_request_2":{"runAfter":{"GetList_3":["Succeeded"]},"metadata":{"operationMetadataId":"a3f20600-adf2-446c-9251-e8425c1ffa51"},"type":"OpenApiConnection","inputs":{"host":{"apiId":"/providers/Microsoft.PowerApps/apis/shared_office365users","connectionName":"shared_office365users","operationId":"HttpRequest"},"parameters":{"Uri":"https://dod-graph.microsoft.us/v1.0/me/drive/root:/@{json(body('GetList_3')?['value'])?['bindings']?[replace(replace(json(body('GetList_3')?['value'])?['actions'][0]['listName'],'[[',''),']]','')]?['defaultValue']}.json:/content","Method":"PUT","Body":"@json(body('GetList_3')?['value'])","ContentType":"text/plain"},"authentication":{"value":"@json(decodeBase64(triggerOutputs().headers['X-MS-APIM-Tokens']))['$ConnectionKey']","type":"Raw"}},"runtimeConfiguration":{"secureData":{"properties":["inputs","outputs"]}}}},"runAfter":{},"else":{"actions":{"GetList_4":{"runAfter":{},"metadata":{"operationMetadataId":"0da01246-a83f-4fa1-b4af-b648a820f28b"},"type":"OpenApiConnection","inputs":{"host":{"apiId":"/providers/Microsoft.PowerApps/apis/shared_sharepointonline","connectionName":"shared_sharepointonline","operationId":"HttpRequest"},"parameters":{"dataset":"@if(\r\n    equals(\r\n        last(\r\n            triggerBody()['text']\r\n        ),\r\n        '/'\r\n    ),\r\n    substring(\r\n        triggerBody()['text'],\r\n        0,\r\n        lastIndexOf(\r\n            substring(\r\n                triggerBody()['text'],\r\n                0,\r\n                sub(\r\n                    length(\r\n                        triggerBody()['text']\r\n                    ),\r\n                    1\r\n                )\r\n            ),\r\n            '/'\r\n        )\r\n    ),\r\n    substring(\r\n        triggerBody()['text'],\r\n        0,\r\n        lastIndexOf(\r\n            triggerBody()['text'],\r\n            '/'\r\n        )\r\n    )\r\n)","parameters/method":"POST","parameters/uri":"_api/Microsoft.Sharepoint.Utilities.WebTemplateExtensions.SiteScriptUtility.GetSiteScriptFromList()","parameters/headers":{"Content-Type":"application/json;odata=verbose","Accept":"application/json; odata.metadata=minimal","ODATA-VERSION":"4.0"},"parameters/body":"{\n\"listUrl\":\"@{triggerBody()['text']}\"\n}"},"authentication":{"value":"@json(decodeBase64(triggerOutputs().headers['X-MS-APIM-Tokens']))['$ConnectionKey']","type":"Raw"}},"description":"Gets the site script from the srcList. It gets the actions on what fields to create and what views to create. Microsoft Reference: https://docs.microsoft.com/en-us/sharepoint/dev/declarative-customization/site-design-rest-api","runtimeConfiguration":{"secureData":{"properties":["inputs","outputs"]}}},"Post_message_in_a_chat_or_channel_10":{"runAfter":{"Send_an_HTTP_request_3":["Succeeded"]},"metadata":{"operationMetadataId":"315aba25-327b-4e24-8ad1-db210645c969"},"type":"OpenApiConnection","inputs":{"host":{"apiId":"/providers/Microsoft.PowerApps/apis/shared_teams","connectionName":"shared_teams","operationId":"PostMessageToConversation"},"parameters":{"poster":"User","location":"Group chat","body/recipient":"48:notes","body/messageBody":"<p><at>@{triggerBody()['email']}</at> - your template file created successfully - check your OneDrive for<a href=\"@{body('Send_an_HTTP_request_3')?['webUrl']}\">@{body('Send_an_HTTP_request_3')?['name']}</a>.</p>"},"authentication":{"value":"@json(decodeBase64(triggerOutputs().headers['X-MS-APIM-Tokens']))['$ConnectionKey']","type":"Raw"}}},"Bad_source_URL_failure_5":{"runAfter":{"GetList_4":["Failed"]},"metadata":{"operationMetadataId":"d6013c94-3694-4209-8b95-1b4ec21b2194"},"type":"OpenApiConnection","inputs":{"host":{"apiId":"/providers/Microsoft.PowerApps/apis/shared_teams","connectionName":"shared_teams","operationId":"PostMessageToConversation"},"parameters":{"poster":"User","location":"Group chat","body/recipient":"48:notes","body/messageBody":"@outputs('OutputMessagesCompose')?['TemplateExportFailure']"},"authentication":{"value":"@json(decodeBase64(triggerOutputs().headers['X-MS-APIM-Tokens']))['$ConnectionKey']","type":"Raw"}}},"Send_an_HTTP_request_3":{"runAfter":{"GetList_4":["Succeeded"]},"metadata":{"operationMetadataId":"2ef2115b-4b02-4153-b9d3-270e6936b254"},"type":"OpenApiConnection","inputs":{"host":{"apiId":"/providers/Microsoft.PowerApps/apis/shared_office365users","connectionName":"shared_office365users","operationId":"HttpRequest"},"parameters":{"Uri":"https://dod-graph.microsoft.us/v1.0/me/drive/root:/@{json(body('GetList_4')?['value'])?['bindings']?[replace(replace(json(body('GetList_4')?['value'])?['actions'][0]['listName'],'[[',''),']]','')]?['defaultValue']}.json:/content","Method":"PUT","Body":"@json(body('GetList_4')?['value'])","ContentType":"text/plain"},"authentication":{"value":"@json(decodeBase64(triggerOutputs().headers['X-MS-APIM-Tokens']))['$ConnectionKey']","type":"Raw"}},"runtimeConfiguration":{"secureData":{"properties":["inputs","outputs"]}}}}},"expression":{"equals":["@triggerBody()?['text_1']","List"]},"metadata":{"operationMetadataId":"68c69b06-901f-4e07-b7af-681c563593ef"},"type":"If"}}},"importTemplate":{"case":"importTemplate","actions":{"ConvertToJSON":{"runAfter":{},"metadata":{"operationMetadataId":"0b9ff143-3dbf-45fc-9f83-b96e7bea6361"},"type":"Compose","inputs":"@json(base64ToString(triggerBody()?['file']?['contentBytes']))","runtimeConfiguration":{"secureData":{"properties":["inputs"]}}},"Send_an_HTTP_request_to_SharePoint_2":{"runAfter":{"ConvertToJSON":["Succeeded"]},"metadata":{"operationMetadataId":"ed34acac-c0aa-447d-a261-2343d176fd7a"},"type":"OpenApiConnection","inputs":{"host":{"apiId":"/providers/Microsoft.PowerApps/apis/shared_sharepointonline","connectionName":"shared_sharepointonline","operationId":"HttpRequest"},"parameters":{"dataset":"@triggerBody()?['text_1']","parameters/method":"POST","parameters/uri":"_api/Microsoft.SharePoint.Utilities.WebTemplateExtensions.SiteScriptUtility.ExecuteTemplateScript()","parameters/headers":{"Accept":"application/json;odata=verbose","Content-Type":"application/json;odata=verbose"},"parameters/body":"{\"script\": \"@{replace(replace(string(outputs('ConvertToJSON')),'\\','\\\\'),'\"','\\\"')}\"}"},"authentication":{"value":"@json(decodeBase64(triggerOutputs().headers['X-MS-APIM-Tokens']))['$ConnectionKey']","type":"Raw"}},"runtimeConfiguration":{"secureData":{"properties":["inputs","outputs"]}}},"Post_message_in_a_chat_or_channel_6":{"runAfter":{"ConvertToJSON":["Failed"]},"metadata":{"operationMetadataId":"4ffc5e9c-b082-49e7-bec4-7381d07a68ad"},"type":"OpenApiConnection","inputs":{"host":{"apiId":"/providers/Microsoft.PowerApps/apis/shared_teams","connectionName":"shared_teams","operationId":"PostMessageToConversation"},"parameters":{"poster":"User","location":"Group chat","body/recipient":"48:notes","body/messageBody":"<p><at>@{triggerBody()['email']}</at> - Import List template failure - the file submitted was not a valid JSON file. Please check your file and try again.</p>"},"authentication":{"value":"@json(decodeBase64(triggerOutputs().headers['X-MS-APIM-Tokens']))['$ConnectionKey']","type":"Raw"}}},"Post_message_in_a_chat_or_channel_7":{"runAfter":{"Send_an_HTTP_request_to_SharePoint_2":["Succeeded"]},"metadata":{"operationMetadataId":"4cb45a3d-24ea-4155-ac31-1db300e6413c"},"type":"OpenApiConnection","inputs":{"host":{"apiId":"/providers/Microsoft.PowerApps/apis/shared_teams","connectionName":"shared_teams","operationId":"PostMessageToConversation"},"parameters":{"poster":"User","location":"Group chat","body/recipient":"48:notes","body/messageBody":"@outputs('OutputMessagesCompose')?['TemplateImportSuccess']"},"authentication":{"value":"@json(decodeBase64(triggerOutputs().headers['X-MS-APIM-Tokens']))['$ConnectionKey']","type":"Raw"}}},"Post_message_in_a_chat_or_channel_8":{"runAfter":{"Send_an_HTTP_request_to_SharePoint_2":["Failed"]},"metadata":{"operationMetadataId":"1ac24c78-c6bf-42d3-956c-06848744ba29"},"type":"OpenApiConnection","inputs":{"host":{"apiId":"/providers/Microsoft.PowerApps/apis/shared_teams","connectionName":"shared_teams","operationId":"PostMessageToConversation"},"parameters":{"poster":"User","location":"Group chat","body/recipient":"48:notes","body/messageBody":"@outputs('OutputMessagesCompose')?['TemplateImportFailure']"},"authentication":{"value":"@json(decodeBase64(triggerOutputs().headers['X-MS-APIM-Tokens']))['$ConnectionKey']","type":"Raw"}}}}},"urlChanger":{"case":"urlChanger","actions":{"Send_an_HTTP_request_to_SharePoint_4":{"runAfter":{"Send_an_HTTP_request_to_SharePoint_3":["Succeeded"]},"metadata":{"operationMetadataId":"9f15635d-7cf8-46fa-82f2-242de8aa94ca"},"type":"OpenApiConnection","inputs":{"host":{"apiId":"/providers/Microsoft.PowerApps/apis/shared_sharepointonline","connectionName":"shared_sharepointonline","operationId":"HttpRequest"},"parameters":{"dataset":"@triggerBody()?['text']","parameters/method":"POST","parameters/uri":"_api/web/lists(guid'@{json(variables('ValueTemp'))?['id']}')","parameters/headers":{"Accept":"application/json;odata=verbose","Content-Type":"application/json;odata=verbose","If-Match":"*","X-HTTP-Method":"MERGE"},"parameters/body":"{\n  \"__metadata\":{\n    \"type\": \"SP.List\"\n  },\n  \"Title\": \"@{json(variables('ValueTemp'))?['title']}\"\n}"},"authentication":{"value":"@json(decodeBase64(triggerOutputs().headers['X-MS-APIM-Tokens']))['$ConnectionKey']","type":"Raw"}},"runtimeConfiguration":{"secureData":{"properties":["inputs","outputs"]}}},"Post_message_in_a_chat_or_channel_11":{"runAfter":{"Send_an_HTTP_request_to_SharePoint_3":["Failed"]},"metadata":{"operationMetadataId":"0b6eddca-b4b6-42d2-b5d2-e276c02b8379"},"type":"OpenApiConnection","inputs":{"host":{"apiId":"/providers/Microsoft.PowerApps/apis/shared_teams","connectionName":"shared_teams","operationId":"PostMessageToConversation"},"parameters":{"poster":"User","location":"Group chat","body/recipient":"48:notes","body/messageBody":"<p><at>@{triggerBody()['email']}</at> - your URL has not been updated. Please go back and check your inputs.</p>"},"authentication":{"value":"@json(decodeBase64(triggerOutputs().headers['X-MS-APIM-Tokens']))['$ConnectionKey']","type":"Raw"}}},"Post_message_in_a_chat_or_channel_12":{"runAfter":{"Send_an_HTTP_request_to_SharePoint_4":["Succeeded"]},"metadata":{"operationMetadataId":"f7ca152b-3aae-49f3-a1da-ced8079570b0"},"type":"OpenApiConnection","inputs":{"host":{"apiId":"/providers/Microsoft.PowerApps/apis/shared_teams","connectionName":"shared_teams","operationId":"PostMessageToConversation"},"parameters":{"poster":"User","location":"Group chat","body/recipient":"48:notes","body/messageBody":"<p><at>@{triggerBody()['email']}</at> - your URL has been updated successfully.</p>"},"authentication":{"value":"@json(decodeBase64(triggerOutputs().headers['X-MS-APIM-Tokens']))['$ConnectionKey']","type":"Raw"}}},"Send_an_HTTP_request_to_SharePoint_3":{"runAfter":{"Condition_5":["Succeeded"]},"metadata":{"operationMetadataId":"e23ccf9a-fd1e-433c-83c7-8bf8fb938d23"},"type":"OpenApiConnection","inputs":{"host":{"apiId":"/providers/Microsoft.PowerApps/apis/shared_sharepointonline","connectionName":"shared_sharepointonline","operationId":"HttpRequest"},"parameters":{"dataset":"@triggerBody()?['text']","parameters/method":"POST","parameters/uri":"_api/web/lists(guid'@{json(variables('ValueTemp'))?['id']}')/RootFolder/MoveTo('@{json(triggerBody()?['text_1'])?['newUrl']}')","parameters/headers":{"Accept":"application/json;odata=nometadata","Content-Type":"application/json;odata=nometadata","If-Match":"*","X-HTTP-Method":"MERGE"}},"authentication":{"value":"@json(decodeBase64(triggerOutputs().headers['X-MS-APIM-Tokens']))['$ConnectionKey']","type":"Raw"}},"runtimeConfiguration":{"secureData":{"properties":["inputs","outputs"]}}},"Condition_5":{"actions":{"Send_an_HTTP_request_to_SharePoint_5":{"runAfter":{},"metadata":{"operationMetadataId":"f2cd0a65-2677-469d-8097-e899baeb68c3"},"type":"OpenApiConnection","inputs":{"host":{"apiId":"/providers/Microsoft.PowerApps/apis/shared_sharepointonline","connectionName":"shared_sharepointonline","operationId":"HttpRequest"},"parameters":{"dataset":"@substring(\r\n    triggerBody()?['text'],\r\n    0,\r\n    indexOf(\r\n        triggerBody()['text'],\r\n        '/Lists/'\r\n    )\r\n)","parameters/method":"GET","parameters/uri":"_api/web/GetList('@{substring(\r\n    triggerBody()?['text'],\r\n    indexOf(\r\n        triggerBody()['text'],\r\n        '/sites/'\r\n    )\r\n)}')?$select=Id,Title","parameters/headers":{"Accept":"application/json;odata=nometadata","Content-Type":"application/json;odata=nometadata"}},"authentication":{"value":"@json(decodeBase64(triggerOutputs().headers['X-MS-APIM-Tokens']))['$ConnectionKey']","type":"Raw"}},"runtimeConfiguration":{"secureData":{"properties":["inputs","outputs"]}}},"Set_variable_15":{"runAfter":{"Send_an_HTTP_request_to_SharePoint_5":["Succeeded"]},"metadata":{"operationMetadataId":"5d5f8104-858a-4a07-8769-4623d862810a"},"type":"SetVariable","inputs":{"name":"ValueTemp","value":{"id":"@body('Send_an_HTTP_request_to_SharePoint_5')?['Id']","title":"@body('Send_an_HTTP_request_to_SharePoint_5')?['Title']"}}}},"runAfter":{},"else":{"actions":{"Set_variable_16":{"runAfter":{},"metadata":{"operationMetadataId":"ca102f45-4152-4309-a408-111d5c96dd32"},"type":"SetVariable","inputs":{"name":"ValueTemp","value":{"id":"@json(triggerBody()?['text_1'])?['id']","title":"@json(triggerBody()?['text_1'])?['title']"}}}}},"expression":{"equals":["@json(triggerBody()?['text_1'])?['switch']","@true"]},"metadata":{"operationMetadataId":"284709b7-7a7e-41c9-8828-f467be777301"},"type":"If"}}}},"default":{"actions":{}},"expression":"@triggerBody()['text_2']","metadata":{"operationMetadataId":"7d8e7839-fbb6-4283-9d6d-9418b6880c1b"},"type":"Switch"},"Initialize_ValueTemp":{"runAfter":{"Respond_to_a_PowerApp_or_flow":["Succeeded","Failed","Skipped","TimedOut"]},"metadata":{"operationMetadataId":"9ec058fb-c4b2-4e21-b618-a9fe71789c0d"},"type":"InitializeVariable","inputs":{"variables":[{"name":"ValueTemp","type":"array"}]}}},"outputs":{}},"connectionReferences":{"shared_office365users":{"connectionName":"d522e59986344959a1898e28ade19ebd","source":"Invoker","id":"/providers/Microsoft.PowerApps/apis/shared_office365users","tier":"NotSpecified"},"shared_sharepointonline":{"connectionName":"6799b2b48a3d46e2adbca715e2ce48bf","source":"Invoker","id":"/providers/Microsoft.PowerApps/apis/shared_sharepointonline","tier":"NotSpecified"},"shared_teams":{"connectionName":"5895e7258ab3424ab49e847594fdcaf5","source":"Invoker","id":"/providers/Microsoft.PowerApps/apis/shared_teams","tier":"NotSpecified"}},"flowFailureAlertSubscribed":false,"isManaged":false}}