{"name":"33bae984-7671-4f33-a30d-378a67bb330f","id":"/providers/Microsoft.Flow/flows/33bae984-7671-4f33-a30d-378a67bb330f","type":"Microsoft.Flow/flows","properties":{"apiId":"/providers/Microsoft.PowerApps/apis/shared_logicflows","displayName":"GraphExplore","definition":{"metadata":{"workflowEntityId":null,"processAdvisorMetadata":null,"flowChargedByPaygo":null,"flowclientsuspensionreason":"None","flowclientsuspensiontime":null,"flowclientsuspensionreasondetails":null,"creator":{"id":"a854521f-b987-4769-a9d3-c1e057d50212","type":"User","tenantId":"c4545e66-0f6b-4bef-9ee4-afff42ab71a7"},"provisioningMethod":"FromDefinition","failureAlertSubscription":true,"clientLastModifiedTime":"2024-08-08T21:44:43.9274452Z","connectionKeySavedTimeKey":"2024-08-08T18:33:29.1029918Z"},"$schema":"https://schema.management.azure.com/providers/Microsoft.Logic/schemas/2016-06-01/workflowdefinition.json#","contentVersion":"1.0.0.0","parameters":{"$connections":{"defaultValue":{},"type":"Object"},"$authentication":{"defaultValue":{},"type":"SecureObject"}},"triggers":{"manual":{"metadata":{"operationMetadataId":"891069fd-e74e-4332-b2d6-bd85cd334a64"},"type":"Request","kind":"PowerAppV2","inputs":{"schema":{"type":"object","properties":{"text":{"title":"Connector","type":"string","x-ms-dynamically-added":true,"description":"Please enter your input","x-ms-content-hint":"TEXT"},"text_1":{"title":"URI","type":"string","x-ms-dynamically-added":true,"description":"Please enter your input","x-ms-content-hint":"TEXT"},"text_2":{"title":"Method","type":"string","x-ms-dynamically-added":true,"description":"Please enter your input","x-ms-content-hint":"TEXT"},"text_3":{"title":"Body","type":"string","x-ms-dynamically-added":true,"description":"Please enter your input","x-ms-content-hint":"TEXT"},"text_4":{"title":"CustomHeader1","type":"string","x-ms-dynamically-added":true,"description":"Please enter your input","x-ms-content-hint":"TEXT"},"text_5":{"title":"Site","type":"string","x-ms-dynamically-added":true,"description":"Please enter your input","x-ms-content-hint":"TEXT"},"text_6":{"title":"Content-Type","type":"string","x-ms-dynamically-added":true,"description":"Please enter your input","x-ms-content-hint":"TEXT"}},"required":["text","text_1","text_2","text_3","text_4","text_5","text_6"]}}}},"actions":{"Initialize_variable":{"runAfter":{},"metadata":{"operationMetadataId":"b5712c6a-81c5-4ba0-b2a6-944fab0069a6"},"type":"InitializeVariable","inputs":{"variables":[{"name":"varObject","type":"object"}]}},"Terminate":{"runAfter":{"Respond_to_a_PowerApp_or_flow":["Succeeded","Failed","Skipped","TimedOut"]},"metadata":{"operationMetadataId":"ede52cd3-a383-462b-855b-b1b9e945cf50"},"type":"Terminate","inputs":{"runStatus":"Succeeded"}},"Respond_to_a_PowerApp_or_flow":{"runAfter":{"Switch":["Succeeded"]},"metadata":{"operationMetadataId":"f02f912c-af3a-474d-8d87-b3386d9aee63"},"type":"Response","kind":"PowerApp","inputs":{"statusCode":200,"body":{"resp":"@{if(\r\n    equals(\r\n        variables('varObject')?['$content-type'],\r\n        null\r\n    ),\r\n    variables('varObject'),\r\n    if(\r\n        startsWith(\r\n            variables('varObject')?['$content-type'],\r\n            'image'\r\n        ),\r\n        variables('varObject')?['$content'],\r\n        variables('varObject')\r\n    )\r\n)}","cont":"@{if(\r\n    equals(\r\n        variables('varObject')?['$content-type'],\r\n        null\r\n    ),\r\n    '{}',\r\n    if(\r\n        startsWith(\r\n            variables('varObject')?['$content-type'],\r\n            'image'\r\n        ),\r\n        variables('varObject')?['$content-type'],\r\n        '{}'\r\n    )\r\n)}"},"schema":{"type":"object","properties":{"resp":{"title":"resp","x-ms-dynamically-added":true,"type":"string"},"cont":{"title":"cont","x-ms-dynamically-added":true,"type":"string"}}}}},"Switch":{"runAfter":{"Initialize_variable":["Succeeded"]},"cases":{"groups":{"case":"groups","actions":{"Set_varResp_groups":{"runAfter":{"Send_an_HTTP_request":["Succeeded","Failed"]},"metadata":{"operationMetadataId":"3e29a0af-6eec-4f1b-a53b-39188fb0278d"},"type":"SetVariable","inputs":{"name":"varObject","value":"@body('Send_an_HTTP_request')"}},"Send_an_HTTP_request":{"runAfter":{},"metadata":{"operationMetadataId":"31567eed-7444-4889-a9cc-88f38dff8901"},"type":"OpenApiConnection","inputs":{"host":{"apiId":"/providers/Microsoft.PowerApps/apis/shared_office365groups","connectionName":"shared_office365groups","operationId":"HttpRequest"},"parameters":{"Uri":"@triggerBody()['text_1']","Method":"@triggerBody()['text_2']","Body":"@triggerBody()?['text_3']","ContentType":"@triggerBody()['text_6']","CustomHeader1":"@triggerBody()?['text_4']"},"retryPolicy":{"type":"none"},"authentication":{"value":"@json(decodeBase64(triggerOutputs().headers['X-MS-APIM-Tokens']))['$ConnectionKey']","type":"Raw"}},"runtimeConfiguration":{"secureData":{"properties":["outputs"]}}}}},"groupsv2":{"case":"groupsv2","actions":{"Send_an_HTTP_request_V2":{"runAfter":{},"metadata":{"operationMetadataId":"aa05d234-3eb0-4ee3-b9f9-e2f6079c9fd0"},"type":"OpenApiConnection","inputs":{"host":{"apiId":"/providers/Microsoft.PowerApps/apis/shared_office365groups","connectionName":"shared_office365groups","operationId":"HttpRequestV2"},"parameters":{"Uri":"@triggerBody()['text_1']","Method":"@triggerBody()['text_2']","Body":"@triggerBody()?['text_3']","ContentType":"@triggerBody()['text_6']","CustomHeader1":"@triggerBody()?['text_4']"},"retryPolicy":{"type":"none"},"authentication":{"value":"@json(decodeBase64(triggerOutputs().headers['X-MS-APIM-Tokens']))['$ConnectionKey']","type":"Raw"}},"runtimeConfiguration":{"secureData":{"properties":["outputs"]}}},"Set_varResp_groupsv2":{"runAfter":{"Send_an_HTTP_request_V2":["Succeeded","Failed"]},"metadata":{"operationMetadataId":"ea3bb659-1363-4642-ab0a-d4b130eba3e9"},"type":"SetVariable","inputs":{"name":"varObject","value":"@body('Send_an_HTTP_request_V2')"}}}},"users":{"case":"users","actions":{"Send_an_HTTP_request_3":{"runAfter":{},"metadata":{"operationMetadataId":"2c1a31b3-6261-4404-a566-5428719ef7a6"},"type":"OpenApiConnection","inputs":{"host":{"apiId":"/providers/Microsoft.PowerApps/apis/shared_office365users","connectionName":"shared_office365users_1","operationId":"HttpRequest"},"parameters":{"Uri":"@triggerBody()['text_1']","Method":"@triggerBody()['text_2']","Body":"@triggerBody()?['text_3']","ContentType":"@triggerBody()['text_6']","CustomHeader1":"@triggerBody()?['text_4']"},"retryPolicy":{"type":"none"},"authentication":{"value":"@json(decodeBase64(triggerOutputs().headers['X-MS-APIM-Tokens']))['$ConnectionKey']","type":"Raw"}},"runtimeConfiguration":{"secureData":{"properties":["outputs"]}}},"Set_varResp_users":{"runAfter":{"Send_an_HTTP_request_3":["Succeeded","Failed"]},"metadata":{"operationMetadataId":"a28882ab-3775-41f8-87f3-7da8cec7cb7f"},"type":"SetVariable","inputs":{"name":"varObject","value":"@body('Send_an_HTTP_request_3')"}}}},"siteLists":{"case":"siteLists","actions":{"Get_lists":{"runAfter":{},"metadata":{"operationMetadataId":"17863c71-92f3-4615-b1c9-623466a64a88"},"type":"OpenApiConnection","inputs":{"host":{"apiId":"/providers/Microsoft.PowerApps/apis/shared_sharepointonline","connectionName":"shared_sharepointonline_1","operationId":"GetTables"},"parameters":{"dataset":"@triggerBody()['text_5']"},"authentication":{"value":"@json(decodeBase64(triggerOutputs().headers['X-MS-APIM-Tokens']))['$ConnectionKey']","type":"Raw"}},"runtimeConfiguration":{"secureData":{"properties":["inputs","outputs"]}}},"Apply_to_each":{"foreach":"@chunk(body('Get_lists')?['value'],100)","actions":{"Send_an_HTTP_request_to_SharePoint_2":{"runAfter":{"Select_4":["Succeeded"]},"metadata":{"operationMetadataId":"1467f2e6-da49-4eb5-8631-f90a281b0d19"},"type":"OpenApiConnection","inputs":{"host":{"apiId":"/providers/Microsoft.PowerApps/apis/shared_sharepointonline","connectionName":"shared_sharepointonline_1","operationId":"HttpRequest"},"parameters":{"dataset":"@triggerBody()['text_5']","parameters/method":"POST","parameters/uri":"/_api/$batch","parameters/headers":{"Content-Type":"multipart/mixed; boundary=@{outputs('guid')}","Expect":"100-continue"},"parameters/body":"@{join(body('Select_4'),'')}--@{outputs('guid')}--"},"authentication":{"value":"@json(decodeBase64(triggerOutputs().headers['X-MS-APIM-Tokens']))['$ConnectionKey']","type":"Raw"}},"runtimeConfiguration":{"secureData":{"properties":["inputs","outputs"]}}},"guid":{"runAfter":{},"metadata":{"operationMetadataId":"2d23ce70-cf4a-426e-803d-60a22c23e860"},"type":"Compose","inputs":"batch_@{guid()}","runtimeConfiguration":{"secureData":{"properties":["inputs"]}}},"Select_4":{"runAfter":{"guid":["Succeeded"]},"metadata":{"operationMetadataId":"f2076944-b8cf-42f5-9aed-ec97bf23dfb1"},"type":"Select","inputs":{"from":"@items('Apply_to_each')","select":"@concat(\r\n    '--',\r\n    outputs('guid'),\r\n    decodeUriComponent('%0D%0A'),\r\n    'Content-Type: application/http',\r\n    decodeUriComponent('%0D%0A'),\r\n    'Content-Transfer-Encoding: binary',\r\n    decodeUriComponent('%0D%0A'),\r\n    decodeUriComponent('%0D%0A'),\r\n    'GET ',\r\n    triggerBody()['text_5'],\r\n    '/_api/web/lists(guid''',\r\n    item()?['Name'],\r\n    ''')?$=select=Id,Title&$expand=Fields HTTP/1.1',\r\n    decodeUriComponent('%0D%0A'),\r\n    'Content-Type: application/json; odata=verbose',\r\n    decodeUriComponent('%0D%0A'),\r\n    'Accept: application/json; odata=verbose',\r\n    decodeUriComponent('%0D%0A'),\r\n    decodeUriComponent('%0D%0A')\r\n)"},"runtimeConfiguration":{"secureData":{"properties":["inputs","outputs"]}}},"Filter_array":{"runAfter":{"Send_an_HTTP_request_to_SharePoint_2":["Succeeded"]},"metadata":{"operationMetadataId":"092e2f54-20e2-4f84-b877-90ee66014048"},"type":"Query","inputs":{"from":"@body('Send_an_HTTP_request_to_SharePoint_2')?['$multipart']","where":"@contains(first(item()?['body']?['$applicationhttp']?['body']?['d']?['Fields']?['results'])?['Scope'], '/Lists/')"},"runtimeConfiguration":{"secureData":{"properties":["inputs","outputs"]}}},"Select_5":{"runAfter":{"Filter_array":["Succeeded"]},"metadata":{"operationMetadataId":"3feb8f5e-feef-4ab0-bd85-fb0e05c40a90"},"type":"Select","inputs":{"from":"@body('Filter_array')","select":{"displayName":"@item()?['body']?['$applicationhttp']?['body']?['d']?['Title']","id":"@item()?['body']?['$applicationhttp']?['body']?['d']?['Id']","listUrl":"@{triggerBody()['text_5']}/Lists/@{uriComponent(\r\n    slice(\r\n        first(item()?['body']?['$applicationhttp']?['body']?['d']?['Fields']?['results'])?['Scope'],\r\n        add(\r\n            indexOf(\r\n                first(item()?['body']?['$applicationhttp']?['body']?['d']?['Fields']?['results'])?['Scope'],\r\n                'Lists/'\r\n            ),\r\n            6\r\n        )\r\n    )\r\n)}"}},"runtimeConfiguration":{"secureData":{"properties":["inputs","outputs"]}}}},"runAfter":{"Get_lists":["Succeeded"]},"metadata":{"operationMetadataId":"06e58924-228e-4fc9-8a62-9e16eb0aa8e4"},"type":"Foreach"},"Respond_to_a_PowerApp_or_flow_8":{"runAfter":{"Apply_to_each":["Succeeded"]},"metadata":{"operationMetadataId":"804e5186-5c13-44b4-8ef9-ca1ee7c14bb3"},"type":"Response","kind":"PowerApp","inputs":{"statusCode":200,"body":{"resp":"@{json(replace(replace(replace(string(body('Select_5')),'],[',','),'[[','['),']]',']'))}","cont":"{}"},"schema":{"type":"object","properties":{"resp":{"title":"resp","x-ms-dynamically-added":true,"type":"string"},"cont":{"title":"cont","x-ms-dynamically-added":true,"type":"string"}}}}},"Terminate_3":{"runAfter":{"Respond_to_a_PowerApp_or_flow_8":["Succeeded"]},"metadata":{"operationMetadataId":"55897bfa-306d-4a35-ba7f-885ea4d4186c"},"type":"Terminate","inputs":{"runStatus":"Succeeded"}}}},"SPUGs":{"case":"SPUGs","actions":{"Switch_2":{"runAfter":{},"cases":{"list":{"case":"list","actions":{"Send_an_HTTP_request_to_SharePoint_3":{"runAfter":{},"metadata":{"operationMetadataId":"4bed013e-eb02-4f97-8a81-9321d6342bcb"},"type":"OpenApiConnection","inputs":{"host":{"apiId":"/providers/Microsoft.PowerApps/apis/shared_sharepointonline","connectionName":"shared_sharepointonline_1","operationId":"HttpRequest"},"parameters":{"dataset":"@triggerBody()['text_5']","parameters/method":"GET","parameters/uri":"_api/web/SiteGroups","parameters/headers":{"Accept":"application/json;odata=verbose","Content-type":"application/json;odata=verbose"}},"authentication":{"value":"@json(decodeBase64(triggerOutputs().headers['X-MS-APIM-Tokens']))['$ConnectionKey']","type":"Raw"}},"runtimeConfiguration":{"secureData":{"properties":["inputs","outputs"]}}},"Select":{"runAfter":{"Send_an_HTTP_request_to_SharePoint_3":["Succeeded"]},"metadata":{"operationMetadataId":"ca945162-307f-4f8c-b78c-fb1e564b1cea"},"type":"Select","inputs":{"from":"@body('Send_an_HTTP_request_to_SharePoint_3')?['d']?['results']","select":{"Id":"@item()?['Id']","Title":"@item()?['Title']"}},"runtimeConfiguration":{"secureData":{"properties":["inputs","outputs"]}}},"Respond_to_a_PowerApp_or_flow_6":{"runAfter":{"Select":["Succeeded"]},"metadata":{"operationMetadataId":"f8d6601e-0ed9-4d69-8e0c-ccaf8af9e971"},"type":"Response","kind":"PowerApp","inputs":{"statusCode":200,"body":{"resp":"@{body('Select')}","cont":"{}"},"schema":{"type":"object","properties":{"resp":{"title":"resp","x-ms-dynamically-added":true,"type":"string"},"cont":{"title":"cont","x-ms-dynamically-added":true,"type":"string"}}}}},"Respond_to_a_PowerApp_or_flow_10":{"runAfter":{"Send_an_HTTP_request_to_SharePoint_3":["Failed"]},"metadata":{"operationMetadataId":"a320d291-d9b4-4f3c-b24d-90fb28e73863"},"type":"Response","kind":"PowerApp","inputs":{"statusCode":200,"body":{"resp":"@{body('Send_an_HTTP_request_to_SharePoint_3')?['message']}","cont":"fail"},"schema":{"type":"object","properties":{"resp":{"title":"resp","x-ms-dynamically-added":true,"type":"string"},"cont":{"title":"cont","x-ms-dynamically-added":true,"type":"string"}}}}}}},"Users":{"case":"users","actions":{"Send_an_HTTP_request_to_SharePoint_4":{"runAfter":{},"metadata":{"operationMetadataId":"e824a737-a2b6-450a-a8bc-7a79f10dac47"},"type":"OpenApiConnection","inputs":{"host":{"apiId":"/providers/Microsoft.PowerApps/apis/shared_sharepointonline","connectionName":"shared_sharepointonline_1","operationId":"HttpRequest"},"parameters":{"dataset":"@triggerBody()['text_5']","parameters/method":"GET","parameters/uri":"_api/web/SiteGroups(@{triggerBody()['text_2']})/users","parameters/headers":{"Accept":"application/json;odata=verbose","Content-type":"application/json;odata=verbose"}},"authentication":{"value":"@json(decodeBase64(triggerOutputs().headers['X-MS-APIM-Tokens']))['$ConnectionKey']","type":"Raw"}},"runtimeConfiguration":{"secureData":{"properties":["inputs","outputs"]}}},"Select_2":{"runAfter":{"Send_an_HTTP_request_to_SharePoint_4":["Succeeded"]},"metadata":{"operationMetadataId":"ef7edf08-35d5-4377-8b3e-960f54031c7e"},"type":"Select","inputs":{"from":"@body('Send_an_HTTP_request_to_SharePoint_4')?['d']?['results']","select":{"Id":"@item()?['Id']","Title":"@item()?['Title']"}},"runtimeConfiguration":{"secureData":{"properties":["inputs","outputs"]}}},"Respond_to_a_PowerApp_or_flow_7":{"runAfter":{"Select_2":["Succeeded"]},"metadata":{"operationMetadataId":"5846c5ed-f7b0-41f5-94ac-076eeab6e2fc"},"type":"Response","kind":"PowerApp","inputs":{"statusCode":200,"body":{"resp":"@{body('Select_2')}","cont":"{}"},"schema":{"type":"object","properties":{"resp":{"title":"resp","x-ms-dynamically-added":true,"type":"string"},"cont":{"title":"cont","x-ms-dynamically-added":true,"type":"string"}}}}},"Respond_to_a_PowerApp_or_flow_9":{"runAfter":{"Send_an_HTTP_request_to_SharePoint_4":["Failed"]},"metadata":{"operationMetadataId":"54eb9551-ee2c-4f3e-b9cf-0af28ee5a790"},"type":"Response","kind":"PowerApp","inputs":{"statusCode":200,"body":{"resp":"@{body('Send_an_HTTP_request_to_SharePoint_4')?['message']}","cont":"fail"},"schema":{"type":"object","properties":{"resp":{"title":"resp","x-ms-dynamically-added":true,"type":"string"},"cont":{"title":"cont","x-ms-dynamically-added":true,"type":"string"}}}}}}},"adduser":{"case":"adduser","actions":{"Respond_to_a_PowerApp_or_flow_2":{"runAfter":{},"metadata":{"operationMetadataId":"cebc7179-fea4-491f-87ad-c9da839c5566"},"type":"Response","kind":"PowerApp","inputs":{"statusCode":200,"body":{"resp":"{}","cont":"{}"},"schema":{"type":"object","properties":{"resp":{"title":"resp","x-ms-dynamically-added":true,"type":"string"},"cont":{"title":"cont","x-ms-dynamically-added":true,"type":"string"}}}}},"Apply_to_each_2":{"foreach":"@chunk(json(triggerBody()?['text_3']),100)","actions":{"Send_an_HTTP_request_to_SharePoint_5":{"runAfter":{"adduser_Select":["Succeeded"]},"metadata":{"operationMetadataId":"88478cd0-31f8-4eb4-b7c5-d6377c6b55db"},"type":"OpenApiConnection","inputs":{"host":{"apiId":"/providers/Microsoft.PowerApps/apis/shared_sharepointonline","connectionName":"shared_sharepointonline_1","operationId":"HttpRequest"},"parameters":{"dataset":"@triggerBody()['text_5']","parameters/method":"POST","parameters/uri":"_api/$batch","parameters/headers":{"Content-Type":"multipart/mixed; boundary=@{outputs('adduser_guids')?['guid1']}","Expect":"100-continue"},"parameters/body":"--@{outputs('adduser_guids')?['guid1']}\nContent-Type: multipart/mixed; boundary=\"@{outputs('adduser_guids')?['guid2']}\"\nContent-Transfer-Encoding: binary\n\n@{join(body('adduser_Select'),'')}--@{outputs('adduser_guids')?['guid2']}--\n--@{outputs('adduser_guids')?['guid1']}--"},"authentication":{"value":"@json(decodeBase64(triggerOutputs().headers['X-MS-APIM-Tokens']))['$ConnectionKey']","type":"Raw"}},"runtimeConfiguration":{"secureData":{"properties":["inputs","outputs"]}}},"adduser_guids":{"runAfter":{},"metadata":{"operationMetadataId":"bcac9fef-2d00-4c7c-a8e5-291eb88a8363"},"type":"Compose","inputs":{"guid1":"batch_@{guid()}","guid2":"changeset_@{guid()}"},"runtimeConfiguration":{"secureData":{"properties":["inputs"]}}},"adduser_Select":{"runAfter":{"adduser_guids":["Succeeded"]},"metadata":{"operationMetadataId":"b7f8e4ea-b83e-4e37-ac0d-7db9a3ca3a78"},"type":"Select","inputs":{"from":"@items('Apply_to_each_2')","select":"@concat(\r\n    '--',\r\n    outputs('adduser_guids')?['guid2'],\r\n    decodeUriComponent('%0D%0A'),\r\n    'Content-Type: application/http',\r\n    decodeUriComponent('%0D%0A'),\r\n    'Content-Transfer-Encoding: binary',\r\n    decodeUriComponent('%0D%0A'),\r\n    decodeUriComponent('%0D%0A'),\r\n    'POST ',\r\n    triggerBody()['text_5'],\r\n    '_api/web/SiteGroups(',\r\n    triggerBody()['text_2'],\r\n    ')/users HTTP/1.1',\r\n    decodeUriComponent('%0D%0A'),\r\n    'Content-Type: application/json; odata=verbose',\r\n    decodeUriComponent('%0D%0A'),\r\n    'Accept: application/json; odata=verbose',\r\n    decodeUriComponent('%0D%0A'),\r\n    decodeUriComponent('%0D%0A'),\r\n    '{\"__metadata\":{\"type\":\"SP.User\"},\"LoginName\":\"',\r\n    item()?['Value'],\r\n    '\"}',\r\n    decodeUriComponent('%0D%0A'),\r\n    decodeUriComponent('%0D%0A')\r\n)"},"runtimeConfiguration":{"secureData":{"properties":["inputs","outputs"]}}}},"runAfter":{"Respond_to_a_PowerApp_or_flow_2":["Succeeded","Failed","Skipped","TimedOut"]},"metadata":{"operationMetadataId":"c6c23f74-ed98-48ee-9a65-3d7d708b1268"},"type":"Foreach"}}},"creategroup":{"case":"creategroup","actions":{"Respond_to_a_PowerApp_or_flow_3":{"runAfter":{},"metadata":{"operationMetadataId":"99d36eed-3441-4119-a3c2-62ef0ccd3d86"},"type":"Response","kind":"PowerApp","inputs":{"statusCode":200,"body":{"resp":"{}","cont":"{}"},"schema":{"type":"object","properties":{"resp":{"title":"resp","x-ms-dynamically-added":true,"type":"string"},"cont":{"title":"cont","x-ms-dynamically-added":true,"type":"string"}}}}},"Send_an_HTTP_request_to_SharePoint_6":{"runAfter":{"Respond_to_a_PowerApp_or_flow_3":["Succeeded","Failed","Skipped","TimedOut"]},"metadata":{"operationMetadataId":"f3752656-ae86-485e-a695-988ea0f30345"},"type":"OpenApiConnection","inputs":{"host":{"apiId":"/providers/Microsoft.PowerApps/apis/shared_sharepointonline","connectionName":"shared_sharepointonline_1","operationId":"HttpRequest"},"parameters":{"dataset":"@triggerBody()['text_5']","parameters/method":"POST","parameters/uri":"_api/web/SiteGroups","parameters/headers":{"Accept":"application/json;odata=verbose","Content-type":"application/json;odata=verbose"},"parameters/body":"{\n  \"__metadata\": {\n    \"type\": \"SP.Group\"\n  },\n  \"Title\": \"@{triggerBody()['text_4']}\"\n}"},"authentication":{"value":"@json(decodeBase64(triggerOutputs().headers['X-MS-APIM-Tokens']))['$ConnectionKey']","type":"Raw"}},"runtimeConfiguration":{"secureData":{"properties":["inputs","outputs"]}}}}},"deluser":{"case":"deluser","actions":{"Respond_to_a_PowerApp_or_flow_4":{"runAfter":{},"metadata":{"operationMetadataId":"42a1cdd2-0e94-440b-a916-21a24c50724f"},"type":"Response","kind":"PowerApp","inputs":{"statusCode":200,"body":{"resp":"{}","cont":"{}"},"schema":{"type":"object","properties":{"resp":{"title":"resp","x-ms-dynamically-added":true,"type":"string"},"cont":{"title":"cont","x-ms-dynamically-added":true,"type":"string"}}}}},"Apply_to_each_3":{"foreach":"@chunk(json(triggerBody()?['text_3']),100)","actions":{"deluser_guids":{"runAfter":{},"metadata":{"operationMetadataId":"a04c103f-e571-4a30-88e4-3faf6d1c2d56"},"type":"Compose","inputs":{"guid1":"batch_@{guid()}","guid2":"changeset_@{guid()}"},"runtimeConfiguration":{"secureData":{"properties":["inputs"]}}},"Send_an_HTTP_request_to_SharePoint_7":{"runAfter":{"deluser_Select":["Succeeded"]},"metadata":{"operationMetadataId":"d09b08a2-9f78-4a85-8b88-28f018933d28"},"type":"OpenApiConnection","inputs":{"host":{"apiId":"/providers/Microsoft.PowerApps/apis/shared_sharepointonline","connectionName":"shared_sharepointonline_1","operationId":"HttpRequest"},"parameters":{"dataset":"@triggerBody()['text_5']","parameters/method":"POST","parameters/uri":"_api/$batch","parameters/headers":{"Content-Type":"multipart/mixed; boundary=@{outputs('deluser_guids')?['guid1']}","Expect":"100-continue"},"parameters/body":"--@{outputs('deluser_guids')?['guid1']}\nContent-Type: multipart/mixed; boundary=\"@{outputs('deluser_guids')?['guid2']}\"\nContent-Transfer-Encoding: binary\n\n@{join(body('deluser_Select'),'')}--@{outputs('deluser_guids')?['guid2']}--\n--@{outputs('deluser_guids')?['guid1']}--"},"authentication":{"value":"@json(decodeBase64(triggerOutputs().headers['X-MS-APIM-Tokens']))['$ConnectionKey']","type":"Raw"}},"runtimeConfiguration":{"secureData":{"properties":["inputs","outputs"]}}},"deluser_Select":{"runAfter":{"deluser_guids":["Succeeded"]},"metadata":{"operationMetadataId":"6867d227-b005-4b62-a8fa-3e1400058f1e"},"type":"Select","inputs":{"from":"@items('Apply_to_each_3')","select":"@concat(\r\n    '--',\r\n    outputs('deluser_guids')?['guid2'],\r\n    decodeUriComponent('%0D%0A'),\r\n    'Content-Type: application/http',\r\n    decodeUriComponent('%0D%0A'),\r\n    'Content-Transfer-Encoding: binary',\r\n    decodeUriComponent('%0D%0A'),\r\n    decodeUriComponent('%0D%0A'),\r\n    'POST ',\r\n    triggerBody()['text_5'],\r\n    '_api/web/SiteGroups(',\r\n    triggerBody()['text_2'],\r\n    ')/users/removeByID(',\r\n    item()?['id'],\r\n    ') HTTP/1.1',\r\n    decodeUriComponent('%0D%0A'),\r\n    'Content-Type: application/json; odata=verbose',\r\n    decodeUriComponent('%0D%0A'),\r\n    'Accept: application/json; odata=verbose',\r\n    decodeUriComponent('%0D%0A'),\r\n    decodeUriComponent('%0D%0A')\r\n)"},"runtimeConfiguration":{"secureData":{"properties":["inputs","outputs"]}}}},"runAfter":{"Respond_to_a_PowerApp_or_flow_4":["Succeeded","Failed","Skipped","TimedOut"]},"metadata":{"operationMetadataId":"bb170a87-99b2-444e-870e-d1b18adbddd6"},"type":"Foreach"}}},"addgrouptogroup":{"case":"addgrouptogroup","actions":{"Respond_to_a_Power_App_or_flow":{"runAfter":{},"metadata":{"operationMetadataId":"38f85a6f-a730-4633-9580-39b6e046d74e"},"type":"Response","kind":"PowerApp","inputs":{"statusCode":200,"body":{"resp":"{}","cont":"{}"},"schema":{"type":"object","properties":{"resp":{"title":"resp","x-ms-dynamically-added":true,"type":"string"},"cont":{"title":"cont","x-ms-dynamically-added":true,"type":"string"}}}}},"Apply_to_each_5":{"foreach":"@chunk(json(triggerBody()?['text_3']),100)","actions":{"Select_3":{"runAfter":{"Select_6":["Succeeded"]},"metadata":{"operationMetadataId":"dd39e648-d919-4466-ac29-a53bd98f238b"},"type":"Select","inputs":{"from":"@json(replace(replace(replace(string(body('Select_6')),'],[',','),'[[','['),']]',']'))","select":"@item()?['LoginName']"},"runtimeConfiguration":{"secureData":{"properties":["inputs","outputs"]}}},"list_guid":{"runAfter":{},"metadata":{"operationMetadataId":"c1f09ace-ed28-4ba3-87e0-6d42d456bbd1"},"type":"Compose","inputs":"batch_@{guid()}","runtimeConfiguration":{"secureData":{"properties":["inputs"]}}},"Send_an_HTTP_request_to_SharePoint_9":{"runAfter":{"list_Select":["Succeeded"]},"metadata":{"operationMetadataId":"e43fbee0-8631-4508-b29b-bad79e4e3cca"},"type":"OpenApiConnection","inputs":{"host":{"apiId":"/providers/Microsoft.PowerApps/apis/shared_sharepointonline","connectionName":"shared_sharepointonline_1","operationId":"HttpRequest"},"parameters":{"dataset":"@triggerBody()['text_5']","parameters/method":"POST","parameters/uri":"_api/$batch","parameters/headers":{"Content-Type":"multipart/mixed; boundary=@{outputs('list_guid')}","Expect":"100-continue"},"parameters/body":"@{join(body('list_Select'),'')}--@{outputs('list_guid')}--"},"authentication":{"value":"@json(decodeBase64(triggerOutputs().headers['X-MS-APIM-Tokens']))['$ConnectionKey']","type":"Raw"}},"runtimeConfiguration":{"secureData":{"properties":["inputs","outputs"]}}},"list_Select":{"runAfter":{"list_guid":["Succeeded"]},"metadata":{"operationMetadataId":"c43b6d4e-3c7b-4c1c-9a12-8d515d7f4f0a"},"type":"Select","inputs":{"from":"@items('Apply_to_each_5')","select":"@concat(\r\n    '--',\r\n    outputs('list_guid'),\r\n    decodeUriComponent('%0D%0A'),\r\n    'Content-Type: application/http',\r\n    decodeUriComponent('%0D%0A'),\r\n    'Content-Transfer-Encoding: binary',\r\n    decodeUriComponent('%0D%0A'),\r\n    decodeUriComponent('%0D%0A'),\r\n    'GET ',\r\n    triggerBody()['text_5'],\r\n    '_api/web/SiteGroups(',\r\n    item()?['id'],\r\n    ')/users HTTP/1.1',\r\n    decodeUriComponent('%0D%0A'),\r\n    'Content-Type: application/json; odata=verbose',\r\n    decodeUriComponent('%0D%0A'),\r\n    'Accept: application/json; odata=verbose',\r\n    decodeUriComponent('%0D%0A'),\r\n    decodeUriComponent('%0D%0A')\r\n)"},"runtimeConfiguration":{"secureData":{"properties":["inputs","outputs"]}}},"Select_6":{"runAfter":{"Send_an_HTTP_request_to_SharePoint_9":["Succeeded"]},"metadata":{"operationMetadataId":"acea8036-f0f8-45c9-ae23-a11ba3281287"},"type":"Select","inputs":{"from":"@body('Send_an_HTTP_request_to_SharePoint_9')?['$multipart']","select":"@item()?['body']?['$applicationhttp']?['body']?['d']?['results']"},"runtimeConfiguration":{"secureData":{"properties":["inputs","outputs"]}}}},"runAfter":{"Respond_to_a_Power_App_or_flow":["Succeeded"]},"metadata":{"operationMetadataId":"660a753f-1b05-45ff-8d53-2295a48c38f9"},"type":"Foreach"},"Apply_to_each_4":{"foreach":"@chunk(union(json(replace(replace(replace(string(body('Select_3')),'],[',','),'[[','['),']]',']')),json(replace(replace(replace(string(body('Select_3')),'],[',','),'[[','['),']]',']'))),100)","actions":{"group2group_guids":{"runAfter":{},"metadata":{"operationMetadataId":"4d96303e-dab3-4198-8a74-9ec4433ec0a9"},"type":"Compose","inputs":{"guid1":"batch_@{guid()}","guid2":"changeset_@{guid()}"},"runtimeConfiguration":{"secureData":{"properties":["inputs"]}}},"Send_an_HTTP_request_to_SharePoint_10":{"runAfter":{"group2group_Select":["Succeeded"]},"metadata":{"operationMetadataId":"5cfa893c-6a38-41a6-96e7-2436e5fc092c"},"type":"OpenApiConnection","inputs":{"host":{"apiId":"/providers/Microsoft.PowerApps/apis/shared_sharepointonline","connectionName":"shared_sharepointonline_1","operationId":"HttpRequest"},"parameters":{"dataset":"@triggerBody()['text_5']","parameters/method":"POST","parameters/uri":"_api/$batch","parameters/headers":{"Content-Type":"multipart/mixed; boundary=@{outputs('group2group_guids')?['guid1']}","Expect":"100-continue"},"parameters/body":"--@{outputs('group2group_guids')?['guid1']}\nContent-Type: multipart/mixed; boundary=\"@{outputs('group2group_guids')?['guid2']}\"\nContent-Transfer-Encoding: binary\n\n@{join(body('group2group_Select'),'')}--@{outputs('group2group_guids')?['guid2']}--\n--@{outputs('group2group_guids')?['guid1']}--"},"authentication":{"value":"@json(decodeBase64(triggerOutputs().headers['X-MS-APIM-Tokens']))['$ConnectionKey']","type":"Raw"}},"runtimeConfiguration":{"secureData":{"properties":["inputs","outputs"]}}},"group2group_Select":{"runAfter":{"group2group_guids":["Succeeded"]},"metadata":{"operationMetadataId":"d4a43378-8bf2-4774-8487-5e1891e947ef"},"type":"Select","inputs":{"from":"@items('Apply_to_each_4')","select":"@concat(\r\n    '--',\r\n    outputs('group2group_guids')?['guid2'],\r\n    decodeUriComponent('%0D%0A'),\r\n    'Content-Type: application/http',\r\n    decodeUriComponent('%0D%0A'),\r\n    'Content-Transfer-Encoding: binary',\r\n    decodeUriComponent('%0D%0A'),\r\n    decodeUriComponent('%0D%0A'),\r\n    'POST ',\r\n    triggerBody()['text_5'],\r\n    '_api/web/SiteGroups(',\r\n    triggerBody()['text_2'],\r\n    ')/users HTTP/1.1',\r\n    decodeUriComponent('%0D%0A'),\r\n    'Content-Type: application/json; odata=verbose',\r\n    decodeUriComponent('%0D%0A'),\r\n    'Accept: application/json; odata=verbose',\r\n    decodeUriComponent('%0D%0A'),\r\n    decodeUriComponent('%0D%0A'),\r\n    '{\"__metadata\":{\"type\":\"SP.User\"},\"LoginName\":\"',\r\n    item(),\r\n    '\"}',\r\n    decodeUriComponent('%0D%0A'),\r\n    decodeUriComponent('%0D%0A')\r\n)"},"runtimeConfiguration":{"secureData":{"properties":["inputs","outputs"]}}}},"runAfter":{"Apply_to_each_5":["Succeeded"]},"metadata":{"operationMetadataId":"9fe8985c-4f31-42ae-ba33-133621a65b40"},"type":"Foreach"}}}},"default":{"actions":{"Respond_to_a_PowerApp_or_flow_5":{"runAfter":{},"metadata":{"operationMetadataId":"e41b7774-a753-4a1c-9389-06325dfc1e61"},"type":"Response","kind":"PowerApp","inputs":{"statusCode":200,"body":{"resp":"{}","cont":"{}"},"schema":{"type":"object","properties":{"resp":{"title":"resp","x-ms-dynamically-added":true,"type":"string"},"cont":{"title":"cont","x-ms-dynamically-added":true,"type":"string"}}}}},"Send_an_HTTP_request_to_SharePoint_8":{"runAfter":{"Respond_to_a_PowerApp_or_flow_5":["Succeeded","Failed","TimedOut","Skipped"]},"metadata":{"operationMetadataId":"d6909dde-c2be-4dec-a272-6c1ebf9497ab"},"type":"OpenApiConnection","inputs":{"host":{"apiId":"/providers/Microsoft.PowerApps/apis/shared_sharepointonline","connectionName":"shared_sharepointonline_1","operationId":"HttpRequest"},"parameters":{"dataset":"@triggerBody()['text_5']","parameters/method":"POST","parameters/uri":"_api/web/SiteGroups/removeByID(@{triggerBody()['text_2']})","parameters/headers":{"Accept":"application/json;odata=verbose","Content-type":"application/json;odata=verbose"}},"authentication":{"value":"@json(decodeBase64(triggerOutputs().headers['X-MS-APIM-Tokens']))['$ConnectionKey']","type":"Raw"}},"runtimeConfiguration":{"secureData":{"properties":["inputs","outputs"]}}}}},"expression":"@triggerBody()['text_1']","metadata":{"operationMetadataId":"934cb3f3-4fe3-4c70-8b12-b8ff1b94c550"},"type":"Switch"},"Terminate_2":{"runAfter":{"Switch_2":["Succeeded","Failed","Skipped","TimedOut"]},"metadata":{"operationMetadataId":"eb7da2b3-c5d9-4b90-ae2c-209526cdff6b"},"type":"Terminate","inputs":{"runStatus":"Succeeded"}}}},"teams":{"case":"teams","actions":{"Send_a_Microsoft_Graph_HTTP_request":{"runAfter":{},"metadata":{"operationMetadataId":"f3f32061-61c1-48be-95e2-4b3d149adf9a"},"type":"OpenApiConnection","inputs":{"host":{"apiId":"/providers/Microsoft.PowerApps/apis/shared_teams","connectionName":"shared_teams","operationId":"HttpRequest"},"parameters":{"Uri":"@triggerBody()['text_1']","Method":"@triggerBody()['text_2']","Body":"@triggerBody()?['text_3']","ContentType":"@triggerBody()['text_6']","CustomHeader1":"@triggerBody()['text_4']"},"retryPolicy":{"type":"none"},"authentication":{"value":"@json(decodeBase64(triggerOutputs().headers['X-MS-APIM-Tokens']))['$ConnectionKey']","type":"Raw"}},"runtimeConfiguration":{"secureData":{"properties":["inputs","outputs"]}}},"Set_varResp_teams":{"runAfter":{"Send_a_Microsoft_Graph_HTTP_request":["Succeeded","Failed"]},"metadata":{"operationMetadataId":"74ff0e7f-6e5e-454a-a5b1-081ecb9db398"},"type":"SetVariable","inputs":{"name":"varObject","value":"@body('Send_a_Microsoft_Graph_HTTP_request')"}}}}},"default":{"actions":{"Send_an_HTTP_request_to_SharePoint":{"runAfter":{},"metadata":{"operationMetadataId":"c3ce8f58-33e2-456b-bde7-dfb6c066542b"},"type":"OpenApiConnection","inputs":{"host":{"apiId":"/providers/Microsoft.PowerApps/apis/shared_sharepointonline","connectionName":"shared_sharepointonline_1","operationId":"HttpRequest"},"parameters":{"dataset":"@triggerBody()?['text_5']","parameters/method":"@triggerBody()['text_2']","parameters/uri":"@triggerBody()['text_1']","parameters/headers":{"Content-Type":"@triggerBody()['text_6']","Accept":"application/json","@{if(\r\n    equals(\r\n        triggerBody()?['text_4'],\r\n        ''\r\n    ),\r\n    '',\r\n    slice(\r\n        triggerBody()?['text_4'],\r\n        0,\r\n        indexOf(\r\n            triggerBody()?['text_4'],\r\n            ':'\r\n        )\r\n    )\r\n)}":"@{if(\r\n    equals(\r\n        triggerBody()?['text_4'],\r\n        ''\r\n    ),\r\n    '',\r\n    slice(\r\n        triggerBody()?['text_4'],\r\n        add(\r\n            indexOf(\r\n                triggerBody()?['text_4'],\r\n                ':'\r\n            ),\r\n            1\r\n        )\r\n    )\r\n)}"},"parameters/body":"@triggerBody()?['text_3']"},"retryPolicy":{"type":"none"},"authentication":{"value":"@json(decodeBase64(triggerOutputs().headers['X-MS-APIM-Tokens']))['$ConnectionKey']","type":"Raw"}},"runtimeConfiguration":{"secureData":{"properties":["outputs"]}}},"Set_varResp_SPO":{"runAfter":{"Send_an_HTTP_request_to_SharePoint":["Succeeded","Failed"]},"metadata":{"operationMetadataId":"0c46c759-25fd-49bb-a374-14c3e1ade6fb"},"type":"SetVariable","inputs":{"name":"varObject","value":"@body('Send_an_HTTP_request_to_SharePoint')"}}}},"expression":"@triggerBody()['text']","metadata":{"operationMetadataId":"06e1fe4a-f0c4-4777-ab40-cc9fc4b0b03b"},"type":"Switch"}}},"connectionReferences":{"shared_office365groups":{"connectionName":"shared-office365grou-88e16b9a-00a4-4a21-8748-796bb257eeb6","source":"Invoker","id":"/providers/Microsoft.PowerApps/apis/shared_office365groups","tier":"NotSpecified"},"shared_office365users_1":{"connectionName":"d522e59986344959a1898e28ade19ebd","source":"Invoker","id":"/providers/Microsoft.PowerApps/apis/shared_office365users","tier":"NotSpecified"},"shared_sharepointonline_1":{"connectionName":"6799b2b48a3d46e2adbca715e2ce48bf","source":"Invoker","id":"/providers/Microsoft.PowerApps/apis/shared_sharepointonline","tier":"NotSpecified"},"shared_teams":{"connectionName":"5895e7258ab3424ab49e847594fdcaf5","source":"Invoker","id":"/providers/Microsoft.PowerApps/apis/shared_teams","tier":"NotSpecified"}},"flowFailureAlertSubscribed":false,"isManaged":false}}