{"name":"b838dc3b-d033-4585-b509-c0bfeccb07d0","id":"/providers/Microsoft.Flow/flows/b838dc3b-d033-4585-b509-c0bfeccb07d0","type":"Microsoft.Flow/flows","properties":{"apiId":"/providers/Microsoft.PowerApps/apis/shared_logicflows","displayName":"AddGroup_DelGroups","definition":{"metadata":{"workflowEntityId":null,"processAdvisorMetadata":null,"flowChargedByPaygo":null,"flowclientsuspensionreason":"None","flowclientsuspensiontime":null,"flowclientsuspensionreasondetails":null,"creator":{"id":"a854521f-b987-4769-a9d3-c1e057d50212","type":"User","tenantId":"c4545e66-0f6b-4bef-9ee4-afff42ab71a7"},"provisioningMethod":"FromDefinition","failureAlertSubscription":true,"clientLastModifiedTime":"2024-08-08T21:44:58.5522888Z","connectionKeySavedTimeKey":"2024-08-08T18:33:29.243663Z"},"$schema":"https://schema.management.azure.com/providers/Microsoft.Logic/schemas/2016-06-01/workflowdefinition.json#","contentVersion":"1.0.0.0","parameters":{"$connections":{"defaultValue":{},"type":"Object"},"$authentication":{"defaultValue":{},"type":"SecureObject"}},"triggers":{"manual":{"metadata":{"operationMetadataId":"aada5173-4b9c-40ba-aefe-f2b8849e4692"},"type":"Request","kind":"PowerAppV2","inputs":{"schema":{"type":"object","properties":{"text":{"title":"Source Group ID","type":"string","x-ms-dynamically-added":true,"description":"Please enter your input","x-ms-content-hint":"TEXT"},"text_1":{"title":"Target Group ID","type":"string","x-ms-dynamically-added":true,"description":"Please enter your input","x-ms-content-hint":"TEXT"},"text_2":{"title":"Option","type":"string","x-ms-dynamically-added":true,"description":"Please enter your input","x-ms-content-hint":"TEXT"},"text_3":{"title":"Site","type":"string","x-ms-dynamically-added":true,"description":"Please enter your input","x-ms-content-hint":"TEXT"}},"required":["text","text_1","text_2"]}}}},"actions":{"Initialize_SourceResults":{"runAfter":{},"metadata":{"operationMetadataId":"4b39049f-a5e6-4ef3-9930-edb4a6620668"},"type":"InitializeVariable","inputs":{"variables":[{"name":"SourceResults","type":"string"}]}},"Initialize_TargetResults":{"runAfter":{},"metadata":{"operationMetadataId":"4b39049f-a5e6-4ef3-9930-edb4a6620668"},"type":"InitializeVariable","inputs":{"variables":[{"name":"TargetResults","type":"string"}]}},"Initialize_TargetNextLink":{"runAfter":{},"metadata":{"operationMetadataId":"15598ce9-823f-400e-b682-3326f6c1e665"},"type":"InitializeVariable","inputs":{"variables":[{"name":"TargetNextLink","type":"string"}]}},"Switch":{"runAfter":{"Initialize_TargetResults":["Succeeded"],"Initialize_TargetNextLink":["Succeeded"],"Initialize_SourceResults":["Succeeded"],"Initialize_SourceNextLink":["Succeeded"]},"cases":{"delGroups":{"case":"delGroups","actions":{"Flatten_Outputs":{"runAfter":{"Select_Outputs":["Succeeded"]},"metadata":{"operationMetadataId":"4ec882b5-9aa0-4b27-a3fc-07dda86b4c1b"},"type":"Select","inputs":{"from":"@json(replace(replace(replace(string(body('Select_outputs')), '],[', ','), '[[', '['), ']]', ']'))","select":{"createdDateTime":"@item()?['createdDateTIme']","deletedDateTime":"@item()?['deletedDateTime']","displayName":"@item()?['displayName']","expirationDateTime":"@item()?['expirationDateTIme']","id":"@item()?['id']","mail":"@item()?['mail']","renewedDateTime":"@item()?['renewedDateTime']","userKey":"false"}},"runtimeConfiguration":{"secureData":{"properties":["inputs","outputs"]}}},"Look_for_Pagination_3":{"actions":{"Do_until_3":{"actions":{"Append_to_results_3":{"runAfter":{"Flatten_paginated_outputs":["Succeeded"]},"metadata":{"operationMetadataId":"d2edfb45-10cd-42c6-9ed9-64c894ac93d8"},"type":"AppendToStringVariable","inputs":{"name":"SourceResults","value":",@{body('Flatten_paginated_outputs')}"}},"Flatten_paginated_outputs":{"runAfter":{"Select_paginated_outputs":["Succeeded"]},"metadata":{"operationMetadataId":"00c4c7a1-1d4b-4d59-9d49-60ef781b0f78"},"type":"Select","inputs":{"from":"@json(replace(replace(replace(string(body('Select_paginated_outputs')),'],[',','),'[[','['),']]',']'))","select":{"createdDateTime":"@item()?['createdDateTIme']","deletedDateTime":"@item()?['deletedDateTime']","displayName":"@item()?['displayName']","expirationDateTime":"@item()?['expirationDateTIme']","id":"@item()?['id']","mail":"@item()?['mail']","renewedDateTime":"@item()?['renewedDateTime']","userKey":"false"}},"runtimeConfiguration":{"secureData":{"properties":["inputs","outputs"]}}},"Paginated":{"runAfter":{},"metadata":{"operationMetadataId":"b256e5f4-7615-4312-8d0b-90d1bc12f9ae"},"type":"OpenApiConnection","inputs":{"host":{"apiId":"/providers/Microsoft.PowerApps/apis/shared_sharepointonline","connectionName":"shared_sharepointonline","operationId":"HttpRequest"},"parameters":{"dataset":"https://dod-graph.microsoft.us/","parameters/method":"POST","parameters/uri":"v1.0/$batch","parameters/headers":{"Content-Type":"application/json","Accept":"application/json"},"parameters/body":"@json(variables('SourceNextLink'))"},"authentication":{"value":"@json(decodeBase64(triggerOutputs().headers['X-MS-APIM-Tokens']))['$ConnectionKey']","type":"Raw"}},"runtimeConfiguration":{"secureData":{"properties":["inputs","outputs"]}}},"Reset_nextLink_3":{"runAfter":{"Filter_paginated_array":["Succeeded"]},"metadata":{"operationMetadataId":"514a7719-3731-4a6d-ba77-9950d8003063"},"type":"SetVariable","inputs":{"name":"SourceNextLink","value":"{\"requests\": @{body('Filter_paginated_array')}}"}},"Select_paginated_outputs":{"runAfter":{"Paginated":["Succeeded"]},"metadata":{"operationMetadataId":"d4c333da-2d17-4ba5-aacc-21658489efaf"},"type":"Select","inputs":{"from":"@body('Paginated')?['responses']","select":"@item()?['body']?['value']"},"runtimeConfiguration":{"secureData":{"properties":["inputs","outputs"]}}},"Select_paginated_nextLink":{"runAfter":{"Paginated":["Succeeded"]},"metadata":{"operationMetadataId":"bbe3963b-3f8d-42cc-b93a-29e80767e27f"},"type":"Select","inputs":{"from":"@body('Paginated')?['responses']","select":{"url":"@replace(string(item()?['body']?['@odata.nextLink']),'https://dod-graph.microsoft.us/v1.0/','')","method":"GET","id":"@item()?['id']"}},"runtimeConfiguration":{"secureData":{"properties":["inputs","outputs"]}}},"Filter_paginated_array":{"runAfter":{"Select_paginated_nextLink":["Succeeded"]},"metadata":{"operationMetadataId":"7e6d3d34-67da-4aa6-b854-6a1de85415bc"},"type":"Query","inputs":{"from":"@body('Select_paginated_nextLink')","where":"@not(equals(item()?['url'], string(null)))"},"runtimeConfiguration":{"secureData":{"properties":["inputs","outputs"]}}}},"runAfter":{},"expression":"@equals(empty(body('Filter_paginated_array')), true)","limit":{"count":60,"timeout":"PT1H"},"metadata":{"operationMetadataId":"3d7a420d-9dd8-4bd4-b132-8c30a1a2b932"},"type":"Until"}},"runAfter":{"Set_results":["Succeeded"],"Set_nextLink_2":["Succeeded"]},"expression":{"equals":["@empty(body('Filter_nextLink_array'))","@false"]},"metadata":{"operationMetadataId":"24c39df2-c325-4eb2-908d-eada172b13c4"},"type":"If"},"Set_results":{"runAfter":{"Flatten_Outputs":["Succeeded"]},"metadata":{"operationMetadataId":"2bed5ef2-947d-4341-9a92-374629ed38dc"},"type":"SetVariable","inputs":{"name":"SourceResults","value":"@{body('Flatten_Outputs')}"}},"AllDeletedGroups":{"runAfter":{"Parallelizer":["Succeeded"]},"metadata":{"operationMetadataId":"35099efc-a3ef-4c1c-9bd9-cb6f1048f91a"},"type":"OpenApiConnection","inputs":{"host":{"apiId":"/providers/Microsoft.PowerApps/apis/shared_sharepointonline","connectionName":"shared_sharepointonline","operationId":"HttpRequest"},"parameters":{"dataset":"https://dod-graph.microsoft.us/","parameters/method":"POST","parameters/uri":"v1.0/$batch","parameters/headers":{"Content-Type":"application/json","Accept":"application/json"},"parameters/body":"{\n    \"requests\": [\n        {\n            \"url\": \"directory/deletedItems/microsoft.graph.group?$top=999&$select=createdDateTime,deletedDateTime,displayName,expirationDateTime,id,mail,renewedDateTime&$filter=startswith(mail,'a')\",\n            \"method\": \"GET\",\n            \"id\": \"1\"\n        },\n        {\n            \"url\": \"directory/deletedItems/microsoft.graph.group?$top=999&$select=createdDateTime,deletedDateTime,displayName,expirationDateTime,id,mail,renewedDateTime&$filter=startswith(mail,'b')\",\n            \"method\": \"GET\",\n            \"id\": \"2\"\n        },\n        {\n            \"url\": \"directory/deletedItems/microsoft.graph.group?$top=999&$select=createdDateTime,deletedDateTime,displayName,expirationDateTime,id,mail,renewedDateTime&$filter=startswith(mail,'c') or startswith(mail, 'u')\",\n            \"method\": \"GET\",\n            \"id\": \"3\"\n        },\n        {\n            \"url\": \"directory/deletedItems/microsoft.graph.group?$top=999&$select=createdDateTime,deletedDateTime,displayName,expirationDateTime,id,mail,renewedDateTime&$filter=startswith(mail,'d') or startswith(mail, 'y')\",\n            \"method\": \"GET\",\n            \"id\": \"4\"\n        },\n        {\n            \"url\": \"directory/deletedItems/microsoft.graph.group?$top=999&$select=createdDateTime,deletedDateTime,displayName,expirationDateTime,id,mail,renewedDateTime&$filter=startswith(mail,'e')\",\n            \"method\": \"GET\",\n            \"id\": \"5\"\n        },\n        {\n            \"url\": \"directory/deletedItems/microsoft.graph.group?$top=999&$select=createdDateTime,deletedDateTime,displayName,expirationDateTime,id,mail,renewedDateTime&$filter=startswith(mail,'f') or startswith(mail, 'g')\",\n            \"method\": \"GET\",\n            \"id\": \"6\"\n        },\n        {\n            \"url\": \"directory/deletedItems/microsoft.graph.group?$top=999&$select=createdDateTime,deletedDateTime,displayName,expirationDateTime,id,mail,renewedDateTime&$filter=startswith(mail,'s')\",\n            \"method\": \"GET\",\n            \"id\": \"7\"\n        },\n        {\n            \"url\": \"directory/deletedItems/microsoft.graph.group?$top=999&$select=createdDateTime,deletedDateTime,displayName,expirationDateTime,id,mail,renewedDateTime&$filter=startswith(mail,'h')\",\n            \"method\": \"GET\",\n            \"id\": \"8\"\n        },\n        {\n            \"url\": \"directory/deletedItems/microsoft.graph.group?$top=999&$select=createdDateTime,deletedDateTime,displayName,expirationDateTime,id,mail,renewedDateTime&$filter=startswith(mail,'i') or startswith(mail, 'v')\",\n            \"method\": \"GET\",\n            \"id\": \"9\"\n        },\n        {\n            \"url\": \"directory/deletedItems/microsoft.graph.group?$top=999&$select=createdDateTime,deletedDateTime,displayName,expirationDateTime,id,mail,renewedDateTime&$filter=startswith(mail,'j')\",\n            \"method\": \"GET\",\n            \"id\": \"10\"\n        },\n        {\n            \"url\": \"directory/deletedItems/microsoft.graph.group?$top=999&$select=createdDateTime,deletedDateTime,displayName,expirationDateTime,id,mail,renewedDateTime&$filter=startswith(mail,'k') or startswith(mail, 'w')\",\n            \"method\": \"GET\",\n            \"id\": \"11\"\n        },\n        {\n            \"url\": \"directory/deletedItems/microsoft.graph.group?$top=999&$select=createdDateTime,deletedDateTime,displayName,expirationDateTime,id,mail,renewedDateTime&$filter=startswith(mail,'l')\",\n            \"method\": \"GET\",\n            \"id\": \"12\"\n        },\n        {\n            \"url\": \"directory/deletedItems/microsoft.graph.group?$top=999&$select=createdDateTime,deletedDateTime,displayName,expirationDateTime,id,mail,renewedDateTime&$filter=startswith(mail,'m')\",\n            \"method\": \"GET\",\n            \"id\": \"13\"\n        },\n        {\n            \"url\": \"directory/deletedItems/microsoft.graph.group?$top=999&$select=createdDateTime,deletedDateTime,displayName,expirationDateTime,id,mail,renewedDateTime&$filter=startswith(mail,'n')\",\n            \"method\": \"GET\",\n            \"id\": \"14\"\n        },\n        {\n            \"url\": \"directory/deletedItems/microsoft.graph.group?$top=999&$select=createdDateTime,deletedDateTime,displayName,expirationDateTime,id,mail,renewedDateTime&$filter=startswith(mail,'o')\",\n            \"method\": \"GET\",\n            \"id\": \"15\"\n        },\n        {\n            \"url\": \"directory/deletedItems/microsoft.graph.group?$top=999&$select=createdDateTime,deletedDateTime,displayName,expirationDateTime,id,mail,renewedDateTime&$filter=startswith(mail,'p') or startswith(mail, 't')\",\n            \"method\": \"GET\",\n            \"id\": \"16\"\n        },\n        {\n            \"url\": \"directory/deletedItems/microsoft.graph.group?$top=999&$select=createdDateTime,deletedDateTime,displayName,expirationDateTime,id,mail,renewedDateTime&$filter=startswith(mail,'q') or startswith(mail, 'x') or startswith(mail, 'z') or startswith(mail, '|') or startswith(mail, '%7D')\",\n            \"method\": \"GET\",\n            \"id\": \"17\"\n        },\n        {\n            \"url\": \"directory/deletedItems/microsoft.graph.group?$top=999&$select=createdDateTime,deletedDateTime,displayName,expirationDateTime,id,mail,renewedDateTime&$filter=startswith(mail,'r')\",\n            \"method\": \"GET\",\n            \"id\": \"18\"\n        },\n        {\n            \"url\": \"directory/deletedItems/microsoft.graph.group?$top=999&$select=createdDateTime,deletedDateTime,displayName,expirationDateTime,id,mail,renewedDateTime&$filter=startswith(mail,'!') or startswith(mail, '%23') or startswith(mail, '$') or startswith(mail, '%') or startswith(mail, '%26') or startswith(mail, '*') or startswith(mail, '+') or startswith(mail, ',') or startswith(mail, '/') or startswith(mail, '=') or startswith(mail, '?') or startswith(mail, '^')or startswith(mail, '~') or startswith(mail, '%7B')\",\n            \"method\": \"GET\",\n            \"id\": \"19\"\n        },\n        {\n            \"url\": \"directory/deletedItems/microsoft.graph.group?$top=999&$select=createdDateTime,deletedDateTime,displayName,expirationDateTime,id,mail,renewedDateTime&$filter=startswith(mail,'.') or startswith(mail, '_') or startswith(mail, '-') or startswith(mail, '0') or startswith(mail, '1') or startswith(mail, '2') or startswith(mail, '3') or startswith(mail, '4') or startswith(mail, '5') or startswith(mail, '6') or startswith(mail, '7') or startswith(mail, '8') or startswith(mail, '9')\",\n            \"method\": \"GET\",\n            \"id\": \"20\"\n        }\n    ]\n}"},"authentication":{"value":"@json(decodeBase64(triggerOutputs().headers['X-MS-APIM-Tokens']))['$ConnectionKey']","type":"Raw"}},"runtimeConfiguration":{"secureData":{"properties":["inputs","outputs"]}}},"Set_nextLink_2":{"runAfter":{"Filter_nextLink_array":["Succeeded"]},"metadata":{"operationMetadataId":"aadd3c1e-3fe8-40d0-837e-fdb38eeb4247"},"type":"SetVariable","inputs":{"name":"SourceNextLink","value":"{\"requests\":@{body('Filter_nextLink_array')}}"}},"Respond_to_a_PowerApp_or_flow_2":{"runAfter":{"Filter_array_3":["Succeeded"]},"metadata":{"operationMetadataId":"f1d8e06a-ac7e-4331-85e1-dc0401f3b937"},"type":"Response","kind":"PowerApp","inputs":{"statusCode":200,"body":{"resp":"@{union(json(replace(string(body('UserDeletedGroups')), ':null', ':\"\"')), body('Filter_array_3'))}"},"schema":{"type":"object","properties":{"resp":{"title":"resp","x-ms-dynamically-added":true,"type":"string"}}}}},"Filter_array_3":{"runAfter":{"Look_for_Pagination_3":["Succeeded"],"UserDeletedIDs":["Succeeded"]},"metadata":{"operationMetadataId":"0f734282-53a2-47a5-ba7d-11c1afe4c694"},"type":"Query","inputs":{"from":"@union(\r\n    json(replace(replace(variables('SourceResults'),':null',':\"\"'),'],[',',')),\r\n    json(replace(replace(variables('SourceResults'),':null',':\"\"'),'],[',','))\r\n)","where":"@and(not(contains(body('UserDeletedIDs'), item()?['id'])),not(equals(item()?['id'], string(null))))"},"runtimeConfiguration":{"secureData":{"properties":["inputs","outputs"]}}},"UserDeletedGroups_SPO":{"runAfter":{"Parallelizer":["Succeeded"]},"metadata":{"operationMetadataId":"07589e8b-aaf9-4743-99e1-29d9a601a584"},"type":"OpenApiConnection","inputs":{"host":{"apiId":"/providers/Microsoft.PowerApps/apis/shared_sharepointonline","connectionName":"shared_sharepointonline","operationId":"HttpRequest"},"parameters":{"dataset":"https://dod-graph.microsoft.us/","parameters/method":"POST","parameters/uri":"v1.0/directory/deletedItems/getUserOwnedObjects/?$select=createdDateTime,deletedDateTime,displayName,expirationDateTime,id,mail,renewedDateTime","parameters/headers":{"content-type":"application/json","accept":"application/json"},"parameters/body":"{\n  \"userId\":\"@{triggerOutputs()?['headers']?['x-ms-user-id']}\",\n  \"type\":\"Group\"\n}"},"authentication":{"value":"@json(decodeBase64(triggerOutputs().headers['X-MS-APIM-Tokens']))['$ConnectionKey']","type":"Raw"}},"runtimeConfiguration":{"secureData":{"properties":["inputs","outputs"]}}},"UserDeletedGroups":{"runAfter":{"UserDeletedGroups_SPO":["Succeeded"]},"metadata":{"operationMetadataId":"4ec882b5-9aa0-4b27-a3fc-07dda86b4c1b"},"type":"Select","inputs":{"from":"@body('UserDeletedGroups_SPO')?['value']","select":{"createdDateTime":"@item()?['createdDateTIme']","deletedDateTime":"@item()?['deletedDateTime']","displayName":"@item()?['displayName']","expirationDateTime":"@item()?['expirationDateTIme']","id":"@item()?['id']","mail":"@item()?['mail']","renewedDateTime":"@item()?['renewedDateTime']","userKey":"true"}},"runtimeConfiguration":{"secureData":{"properties":["inputs","outputs"]}}},"UserDeletedIDs":{"runAfter":{"UserDeletedGroups":["Succeeded"]},"metadata":{"operationMetadataId":"696537cd-dcf5-498d-9190-3b6b6eafa37f"},"type":"Select","inputs":{"from":"@body('UserDeletedGroups')","select":"@item()?['id']"},"runtimeConfiguration":{"secureData":{"properties":["inputs","outputs"]}}},"Parallelizer":{"runAfter":{},"metadata":{"operationMetadataId":"12d85021-57bb-4eb9-ac5a-298a5f8bd174"},"type":"Compose","inputs":"parallelizer","runtimeConfiguration":{"secureData":{"properties":["inputs"]}}},"Select_Outputs":{"runAfter":{"AllDeletedGroups":["Succeeded"]},"metadata":{"operationMetadataId":"2e7e2d89-7ac7-4305-b74e-a545c4f865c8"},"type":"Select","inputs":{"from":"@body('AllDeletedGroups')?['responses']","select":"@item()?['body']?['value']"},"runtimeConfiguration":{"secureData":{"properties":["inputs","outputs"]}}},"Select_nextLink":{"runAfter":{"AllDeletedGroups":["Succeeded"]},"metadata":{"operationMetadataId":"0148c6ba-d846-45d1-8dd8-0bad95a50b50"},"type":"Select","inputs":{"from":"@body('AllDeletedGroups')?['responses']","select":{"url":"@replace(string(item()?['body']?['@odata.nextLink']),'https://dod-graph.microsoft.us/v1.0/','')","method":"GET","id":"@item()?['id']"}},"runtimeConfiguration":{"secureData":{"properties":["inputs","outputs"]}}},"Filter_nextLink_array":{"runAfter":{"Select_nextLink":["Succeeded"]},"metadata":{"operationMetadataId":"fa0b2d2a-a0b0-41a2-8c27-d3651d1bdbd8"},"type":"Query","inputs":{"from":"@body('Select_nextLink')","where":"@not(equals(item()?['url'], string(null)))"},"runtimeConfiguration":{"secureData":{"properties":["inputs","outputs"]}}}}}},"default":{"actions":{"Respond_to_a_PowerApp_or_flow":{"runAfter":{},"metadata":{"operationMetadataId":"d1dc63a4-da8a-4985-9d9a-6ec66fcd4259"},"type":"Response","kind":"PowerApp","inputs":{"statusCode":200,"body":{"resp":"{}"},"schema":{"type":"object","properties":{"resp":{"title":"resp","x-ms-dynamically-added":true,"type":"string"}}}}},"Set_TargetResults":{"runAfter":{"Flatten_target_outputs":["Succeeded"]},"metadata":{"operationMetadataId":"ac591829-cd02-424b-8956-af22c0c2c084"},"type":"SetVariable","inputs":{"name":"TargetResults","value":"@{body('Flatten_target_outputs')}"}},"Flatten_target_outputs":{"runAfter":{"Select_target_outputs":["Succeeded"]},"metadata":{"operationMetadataId":"8ea2a611-e78f-4cfa-a9ee-8544f4a274dd"},"type":"Select","inputs":{"from":"@json(replace(replace(replace(string(body('Select_target_outputs')), '],[', ','), '[[', '['), ']]', ']'))","select":{"userPrincipalName":"@item()?['userPrincipalName']"}},"runtimeConfiguration":{"secureData":{"properties":["inputs","outputs"]}}},"Select_Target_Group_Members_UPNs":{"runAfter":{"Filter_target_for_null":["Succeeded"]},"metadata":{"operationMetadataId":"351c05b9-1f0e-4c71-9d94-8b5f9d1ae014"},"type":"Select","inputs":{"from":"@body('Filter_target_for_null')","select":"@item()?['userPrincipalName']"},"runtimeConfiguration":{"secureData":{"properties":["inputs","outputs"]}}},"Set_TargetNextLink":{"runAfter":{"Filter_target_nextLink_array":["Succeeded"]},"metadata":{"operationMetadataId":"8f061f9e-ca7c-4402-bd51-5785cfa3331a"},"type":"SetVariable","inputs":{"name":"TargetNextLink","value":"{\"requests\":@{body('Filter_target_nextLink_array')}}"}},"Add_Group_to_Group_Successful":{"runAfter":{"Apply_to_each":["Succeeded"]},"metadata":{"operationMetadataId":"d6013c94-3694-4209-8b95-1b4ec21b2194"},"type":"OpenApiConnection","inputs":{"host":{"apiId":"/providers/Microsoft.PowerApps/apis/shared_teams","connectionName":"shared_teams","operationId":"PostMessageToConversation"},"parameters":{"poster":"User","location":"Group chat","body/recipient":"48:notes","body/messageBody":"<p><at>@{triggerOutputs()?['headers']?['x-ms-user-email']}</at> - Add Group to Group is successful. Check it out, it should be good to go.</p>"},"authentication":{"value":"@json(decodeBase64(triggerOutputs().headers['X-MS-APIM-Tokens']))['$ConnectionKey']","type":"Raw"}},"runtimeConfiguration":{"secureData":{"properties":["inputs","outputs"]}}},"Apply_to_each":{"foreach":"@chunk(body('Filter_array'),400)","actions":{"Reset_SourceResults":{"runAfter":{},"metadata":{"operationMetadataId":"440e34a4-0a55-4282-bcf7-5c67e95e8cf2"},"type":"SetVariable","inputs":{"name":"SourceResults","value":"@{null}"}},"Prep_work":{"foreach":"@chunk(items('Apply_to_each'),20)","actions":{"Select_4":{"runAfter":{},"metadata":{"operationMetadataId":"47086caa-58e5-43b6-8364-cb906577ba3d"},"type":"Select","inputs":{"from":"@items('Prep_work')","select":"@concat('https://dod-graph.microsoft.us/v1.0/users/', item())"},"runtimeConfiguration":{"secureData":{"properties":["inputs","outputs"]}}},"Append_to_SourceResults":{"runAfter":{"Select_4":["Succeeded"]},"metadata":{"operationMetadataId":"7b322c65-bde1-435b-b3ad-3993fb93ca52"},"type":"AppendToStringVariable","inputs":{"name":"SourceResults","value":"@body('Select_4')"}}},"runAfter":{"Reset_SourceResults":["Succeeded"]},"metadata":{"operationMetadataId":"900f3d5e-942d-4e9f-93c9-e8f40d9de07e"},"type":"Foreach","runtimeConfiguration":{"concurrency":{"repetitions":20}}},"Add_Members_Array":{"runAfter":{"Prep_work":["Succeeded"]},"metadata":{"operationMetadataId":"3ca67b5b-f8dd-4ade-aa20-95130fad3202"},"type":"Select","inputs":{"from":"@json(concat('[', replace(variables('SourceResults'), '][', '],['), ']'))","select":{"url":"groups/@{triggerBody()['text_1']}","method":"PATCH","id":"@guid()","headers":"@json('{\"Content-Type\":\"application/json\"}')","body":"@json(concat('{\"members@odata.bind\":', item(), '}'))"}},"runtimeConfiguration":{"secureData":{"properties":["inputs","outputs"]}}},"Batch_Add_Members":{"runAfter":{"Add_Members_Array":["Succeeded"]},"metadata":{"operationMetadataId":"28eeeba7-b21e-43c5-b357-5f118a58a1b8"},"type":"OpenApiConnection","inputs":{"host":{"apiId":"/providers/Microsoft.PowerApps/apis/shared_sharepointonline","connectionName":"shared_sharepointonline","operationId":"HttpRequest"},"parameters":{"dataset":"https://dod-graph.microsoft.us/","parameters/method":"POST","parameters/uri":"v1.0/$batch","parameters/headers":{"Content-Type":"application/json","Accept":"application/json"},"parameters/body":"{\n    \"requests\": @{body('Add_Members_Array')}\n}"},"authentication":{"value":"@json(decodeBase64(triggerOutputs().headers['X-MS-APIM-Tokens']))['$ConnectionKey']","type":"Raw"}},"runtimeConfiguration":{"secureData":{"properties":["inputs","outputs"]}}}},"runAfter":{"Filter_array":["Succeeded"]},"metadata":{"operationMetadataId":"a951f73f-dd99-4d9b-832a-0b82acdab454"},"type":"Foreach","runtimeConfiguration":{"concurrency":{"repetitions":50}}},"Filter_array":{"runAfter":{"Select_Target_Group_Members_UPNs":["Succeeded"],"Filter_source_for_null":["Succeeded"]},"metadata":{"operationMetadataId":"959c7ac3-a185-4cc4-8cbc-0c35629f7cc4"},"type":"Query","inputs":{"from":"@body('Filter_source_for_null')","where":"@not(contains(body('Select_Target_Group_Members_UPNs'), item()?['userPrincipalName']))"},"runtimeConfiguration":{"secureData":{"properties":["inputs","outputs"]}}},"Get_Source":{"actions":{"Possible_check":{"actions":{"Terminate_-_too_many_users":{"runAfter":{"Error_message_-_too_many_users":["Succeeded"]},"metadata":{"operationMetadataId":"4dccc2e7-64cb-4dd4-a79b-761492106313"},"type":"Terminate","inputs":{"runStatus":"Succeeded"}},"Error_message_-_too_many_users":{"runAfter":{},"metadata":{"operationMetadataId":"d6013c94-3694-4209-8b95-1b4ec21b2194"},"type":"OpenApiConnection","inputs":{"host":{"apiId":"/providers/Microsoft.PowerApps/apis/shared_teams","connectionName":"shared_teams","operationId":"PostMessageToConversation"},"parameters":{"poster":"User","location":"Group chat","body/recipient":"48:notes","body/messageBody":"<p><at>@{triggerOutputs()?['headers']?['x-ms-user-email']}</at> - Add Group to Group failed. Source Group contains more than 25k members already, can't add all of them to a 365 Group.</p>"},"authentication":{"value":"@json(decodeBase64(triggerOutputs().headers['X-MS-APIM-Tokens']))['$ConnectionKey']","type":"Raw"}},"runtimeConfiguration":{"secureData":{"properties":["inputs","outputs"]}}}},"runAfter":{"Get_Source_Group_Count":["Succeeded"]},"else":{"actions":{"Look_for_Pagination":{"actions":{"Do_until_4":{"actions":{"Append_to_results_4":{"runAfter":{"Flatten_paginated_outputs_2":["Succeeded"]},"metadata":{"operationMetadataId":"d2edfb45-10cd-42c6-9ed9-64c894ac93d8"},"type":"AppendToStringVariable","inputs":{"name":"SourceResults","value":",@{body('Flatten_paginated_outputs_2')}"}},"Flatten_paginated_outputs_2":{"runAfter":{"Select_paginated_outputs_2":["Succeeded"]},"metadata":{"operationMetadataId":"00c4c7a1-1d4b-4d59-9d49-60ef781b0f78"},"type":"Select","inputs":{"from":"@json(replace(replace(replace(string(body('Select_paginated_outputs_2')), '],[', ','), '[[', '['), ']]', ']'))","select":{"userPrincipalName":"@item()?['userPrincipalName']"}},"runtimeConfiguration":{"secureData":{"properties":["inputs","outputs"]}}},"Send_paginated_request":{"runAfter":{},"metadata":{"operationMetadataId":"b256e5f4-7615-4312-8d0b-90d1bc12f9ae"},"type":"OpenApiConnection","inputs":{"host":{"apiId":"/providers/Microsoft.PowerApps/apis/shared_sharepointonline","connectionName":"shared_sharepointonline","operationId":"HttpRequest"},"parameters":{"dataset":"https://dod-graph.microsoft.us/","parameters/method":"POST","parameters/uri":"v1.0/$batch","parameters/headers":{"Content-Type":"application/json","Accept":"application/json"},"parameters/body":"@json(variables('SourceNextLink'))"},"authentication":{"value":"@json(decodeBase64(triggerOutputs().headers['X-MS-APIM-Tokens']))['$ConnectionKey']","type":"Raw"}},"runtimeConfiguration":{"secureData":{"properties":["inputs","outputs"]}}},"Reset_nextLink_4":{"runAfter":{"Filter_paginated_array_2":["Succeeded"]},"metadata":{"operationMetadataId":"514a7719-3731-4a6d-ba77-9950d8003063"},"type":"SetVariable","inputs":{"name":"SourceNextLink","value":"{\"requests\": @{body('Filter_paginated_array_2')}}"}},"Select_paginated_outputs_2":{"runAfter":{"Send_paginated_request":["Succeeded"]},"metadata":{"operationMetadataId":"d4c333da-2d17-4ba5-aacc-21658489efaf"},"type":"Select","inputs":{"from":"@body('Send_paginated_request')?['responses']","select":"@item()?['body']?['value']"},"runtimeConfiguration":{"secureData":{"properties":["inputs","outputs"]}}},"Select_paginated_nextLink_2":{"runAfter":{"Send_paginated_request":["Succeeded"]},"metadata":{"operationMetadataId":"bbe3963b-3f8d-42cc-b93a-29e80767e27f"},"type":"Select","inputs":{"from":"@body('Send_paginated_request')?['responses']","select":{"url":"@replace(string(item()?['body']?['@odata.nextLink']), 'https://dod-graph.microsoft.us/v1.0/', '')","method":"GET","id":"@item()?['id']","headers":"@json('{\"ConsistencyLevel\":\"eventual\"}')"}},"runtimeConfiguration":{"secureData":{"properties":["inputs","outputs"]}}},"Filter_paginated_array_2":{"runAfter":{"Select_paginated_nextLink_2":["Succeeded"]},"metadata":{"operationMetadataId":"7e6d3d34-67da-4aa6-b854-6a1de85415bc"},"type":"Query","inputs":{"from":"@body('Select_paginated_nextLink_2')","where":"@not(equals(item()?['url'], string(null)))"},"runtimeConfiguration":{"secureData":{"properties":["inputs","outputs"]}}}},"runAfter":{},"expression":"@equals(empty(body('Filter_paginated_array_2')), true)","limit":{"count":60,"timeout":"PT1H"},"metadata":{"operationMetadataId":"3d7a420d-9dd8-4bd4-b132-8c30a1a2b932"},"type":"Until"}},"runAfter":{"Set_results_2":["Succeeded"],"Set_nextLink_3":["Succeeded"]},"expression":{"equals":["@empty(body('Filter_source_nextLink_array'))","@false"]},"metadata":{"operationMetadataId":"24c39df2-c325-4eb2-908d-eada172b13c4"},"type":"If"},"Set_nextLink_3":{"runAfter":{"Filter_source_nextLink_array":["Succeeded"]},"metadata":{"operationMetadataId":"aadd3c1e-3fe8-40d0-837e-fdb38eeb4247"},"type":"SetVariable","inputs":{"name":"SourceNextLink","value":"{\"requests\":@{body('Filter_source_nextLink_array')}}"}},"Filter_source_nextLink_array":{"runAfter":{"Select_source_nextLink":["Succeeded"]},"metadata":{"operationMetadataId":"fa0b2d2a-a0b0-41a2-8c27-d3651d1bdbd8"},"type":"Query","inputs":{"from":"@body('Select_source_nextLink')","where":"@not(equals(item()?['url'], string(null)))"},"runtimeConfiguration":{"secureData":{"properties":["inputs","outputs"]}}},"Select_source_nextLink":{"runAfter":{"Get_Source_Group_Transitive_Members":["Succeeded"]},"metadata":{"operationMetadataId":"0148c6ba-d846-45d1-8dd8-0bad95a50b50"},"type":"Select","inputs":{"from":"@body('Get_Source_Group_Transitive_Members')?['responses']","select":{"url":"@replace(string(item()?['body']?['@odata.nextLink']), 'https://dod-graph.microsoft.us/v1.0/', '')","method":"GET","id":"@item()?['id']","headers":"@json('{\"ConsistencyLevel\":\"eventual\"}')"}},"runtimeConfiguration":{"secureData":{"properties":["inputs","outputs"]}}},"Set_results_2":{"runAfter":{"Flatten_source_outputs":["Succeeded"]},"metadata":{"operationMetadataId":"2bed5ef2-947d-4341-9a92-374629ed38dc"},"type":"SetVariable","inputs":{"name":"SourceResults","value":"@{body('Flatten_source_outputs')}"}},"Flatten_source_outputs":{"runAfter":{"Select_source_outputs":["Succeeded"]},"metadata":{"operationMetadataId":"4ec882b5-9aa0-4b27-a3fc-07dda86b4c1b"},"type":"Select","inputs":{"from":"@json(replace(replace(replace(string(body('Select_source_outputs')), '],[', ','), '[[', '['), ']]', ']'))","select":{"userPrincipalName":"@item()?['userPrincipalName']"}},"runtimeConfiguration":{"secureData":{"properties":["inputs","outputs"]}}},"Select_source_outputs":{"runAfter":{"Get_Source_Group_Transitive_Members":["Succeeded"]},"metadata":{"operationMetadataId":"2e7e2d89-7ac7-4305-b74e-a545c4f865c8"},"type":"Select","inputs":{"from":"@body('Get_Source_Group_Transitive_Members')?['responses']","select":"@item()?['body']?['value']"},"runtimeConfiguration":{"secureData":{"properties":["inputs","outputs"]}}},"Get_Source_Group_Transitive_Members":{"runAfter":{},"metadata":{"operationMetadataId":"35099efc-a3ef-4c1c-9bd9-cb6f1048f91a"},"type":"OpenApiConnection","inputs":{"host":{"apiId":"/providers/Microsoft.PowerApps/apis/shared_sharepointonline","connectionName":"shared_sharepointonline","operationId":"HttpRequest"},"parameters":{"dataset":"https://dod-graph.microsoft.us/","parameters/method":"POST","parameters/uri":"v1.0/$batch","parameters/headers":{"Content-Type":"application/json","Accept":"application/json"},"parameters/body":"{\n    \"requests\": [\n        {\n            \"url\": \"groups/@{triggerBody()['text']}/transitiveMembers/microsoft.graph.user?$select=userPrincipalName&$top=999&$count=true&$filter=not(startsWith(userPrincipalName,'disable.')) and startswith(userPrincipalName,'a')\",\n            \"method\": \"GET\",\n            \"id\": \"1\",\n            \"headers\": {\"ConsistencyLevel\":\"eventual\"}\n        },\n        {\n            \"url\": \"groups/@{triggerBody()['text']}/transitiveMembers/microsoft.graph.user?$select=userPrincipalName&$top=999&$count=true&$filter=not(startsWith(userPrincipalName,'disable.')) and startswith(userPrincipalName,'b')\",\n            \"method\": \"GET\",\n            \"id\": \"2\",\n            \"headers\": {\"ConsistencyLevel\":\"eventual\"}\n        },\n        {\n            \"url\": \"groups/@{triggerBody()['text']}/transitiveMembers/microsoft.graph.user?$select=userPrincipalName&$top=999&$count=true&$filter=not(startsWith(userPrincipalName,'disable.')) and (startswith(userPrincipalName,'c') or startswith(userPrincipalName, 'u'))\",\n            \"method\": \"GET\",\n            \"id\": \"3\",\n            \"headers\": {\"ConsistencyLevel\":\"eventual\"}\n        },\n        {\n            \"url\": \"groups/@{triggerBody()['text']}/transitiveMembers/microsoft.graph.user?$select=userPrincipalName&$top=999&$count=true&$filter=not(startsWith(userPrincipalName,'disable.')) and (startswith(userPrincipalName,'d') or startswith(userPrincipalName, 'y'))\",\n            \"method\": \"GET\",\n            \"id\": \"4\",\n            \"headers\": {\"ConsistencyLevel\":\"eventual\"}\n        },\n        {\n            \"url\": \"groups/@{triggerBody()['text']}/transitiveMembers/microsoft.graph.user?$select=userPrincipalName&$top=999&$count=true&$filter=not(startsWith(userPrincipalName,'disable.')) and startswith(userPrincipalName,'e')\",\n            \"method\": \"GET\",\n            \"id\": \"5\",\n            \"headers\": {\"ConsistencyLevel\":\"eventual\"}\n        },\n        {\n            \"url\": \"groups/@{triggerBody()['text']}/transitiveMembers/microsoft.graph.user?$select=userPrincipalName&$top=999&$count=true&$filter=not(startsWith(userPrincipalName,'disable.')) and (startswith(userPrincipalName,'f') or startswith(userPrincipalName, 'g'))\",\n            \"method\": \"GET\",\n            \"id\": \"6\",\n            \"headers\": {\"ConsistencyLevel\":\"eventual\"}\n        },\n        {\n            \"url\": \"groups/@{triggerBody()['text']}/transitiveMembers/microsoft.graph.user?$select=userPrincipalName&$top=999&$count=true&$filter=not(startsWith(userPrincipalName,'disable.')) and startswith(userPrincipalName,'s')\",\n            \"method\": \"GET\",\n            \"id\": \"7\",\n            \"headers\": {\"ConsistencyLevel\":\"eventual\"}\n        },\n        {\n            \"url\": \"groups/@{triggerBody()['text']}/transitiveMembers/microsoft.graph.user?$select=userPrincipalName&$top=999&$count=true&$filter=not(startsWith(userPrincipalName,'disable.')) and startswith(userPrincipalName,'h')\",\n            \"method\": \"GET\",\n            \"id\": \"8\",\n            \"headers\": {\"ConsistencyLevel\":\"eventual\"}\n        },\n        {\n            \"url\": \"groups/@{triggerBody()['text']}/transitiveMembers/microsoft.graph.user?$select=userPrincipalName&$top=999&$count=true&$filter=not(startsWith(userPrincipalName,'disable.')) and (startswith(userPrincipalName,'i') or startswith(userPrincipalName, 'v'))\",\n            \"method\": \"GET\",\n            \"id\": \"9\",\n            \"headers\": {\"ConsistencyLevel\":\"eventual\"}\n        },\n        {\n            \"url\": \"groups/@{triggerBody()['text']}/transitiveMembers/microsoft.graph.user?$select=userPrincipalName&$top=999&$count=true&$filter=not(startsWith(userPrincipalName,'disable.')) and startswith(userPrincipalName,'j')\",\n            \"method\": \"GET\",\n            \"id\": \"10\",\n            \"headers\": {\"ConsistencyLevel\":\"eventual\"}\n        },\n        {\n            \"url\": \"groups/@{triggerBody()['text']}/transitiveMembers/microsoft.graph.user?$select=userPrincipalName&$top=999&$count=true&$filter=not(startsWith(userPrincipalName,'disable.')) and (startswith(userPrincipalName,'k') or startswith(userPrincipalName, 'w'))\",\n            \"method\": \"GET\",\n            \"id\": \"11\",\n            \"headers\": {\"ConsistencyLevel\":\"eventual\"}\n        },\n        {\n            \"url\": \"groups/@{triggerBody()['text']}/transitiveMembers/microsoft.graph.user?$select=userPrincipalName&$top=999&$count=true&$filter=not(startsWith(userPrincipalName,'disable.')) and startswith(userPrincipalName,'l')\",\n            \"method\": \"GET\",\n            \"id\": \"12\",\n            \"headers\": {\"ConsistencyLevel\":\"eventual\"}\n        },\n        {\n            \"url\": \"groups/@{triggerBody()['text']}/transitiveMembers/microsoft.graph.user?$select=userPrincipalName&$top=999&$count=true&$filter=not(startsWith(userPrincipalName,'disable.')) and startswith(userPrincipalName,'m')\",\n            \"method\": \"GET\",\n            \"id\": \"13\",\n            \"headers\": {\"ConsistencyLevel\":\"eventual\"}\n        },\n        {\n            \"url\": \"groups/@{triggerBody()['text']}/transitiveMembers/microsoft.graph.user?$select=userPrincipalName&$top=999&$count=true&$filter=not(startsWith(userPrincipalName,'disable.')) and startswith(userPrincipalName,'n')\",\n            \"method\": \"GET\",\n            \"id\": \"14\",\n            \"headers\": {\"ConsistencyLevel\":\"eventual\"}\n        },\n        {\n            \"url\": \"groups/@{triggerBody()['text']}/transitiveMembers/microsoft.graph.user?$select=userPrincipalName&$top=999&$count=true&$filter=not(startsWith(userPrincipalName,'disable.')) and startswith(userPrincipalName,'o')\",\n            \"method\": \"GET\",\n            \"id\": \"15\",\n            \"headers\": {\"ConsistencyLevel\":\"eventual\"}\n        },\n        {\n            \"url\": \"groups/@{triggerBody()['text']}/transitiveMembers/microsoft.graph.user?$select=userPrincipalName&$top=999&$count=true&$filter=not(startsWith(userPrincipalName,'disable.')) and (startswith(userPrincipalName,'p') or startswith(userPrincipalName, 't'))\",\n            \"method\": \"GET\",\n            \"id\": \"16\",\n            \"headers\": {\"ConsistencyLevel\":\"eventual\"}\n        },\n        {\n            \"url\": \"groups/@{triggerBody()['text']}/transitiveMembers/microsoft.graph.user?$select=userPrincipalName&$top=999&$count=true&$filter=not(startsWith(userPrincipalName,'disable.')) and (startswith(userPrincipalName,'q') or startswith(userPrincipalName, 'x') or startswith(userPrincipalName, 'z') or startswith(userPrincipalName, '|') or startswith(userPrincipalName, '%7D'))\",\n            \"method\": \"GET\",\n            \"id\": \"17\",\n            \"headers\": {\"ConsistencyLevel\":\"eventual\"}\n        },\n        {\n            \"url\": \"groups/@{triggerBody()['text']}/transitiveMembers/microsoft.graph.user?$select=userPrincipalName&$top=999&$count=true&$filter=not(startsWith(userPrincipalName,'disable.')) and startswith(userPrincipalName,'r')\",\n            \"method\": \"GET\",\n            \"id\": \"18\",\n            \"headers\": {\"ConsistencyLevel\":\"eventual\"}\n        },\n        {\n            \"url\": \"groups/@{triggerBody()['text']}/transitiveMembers/microsoft.graph.user?$select=userPrincipalName&$top=999&$count=true&$filter=not(startsWith(userPrincipalName,'disable.')) and (startswith(userPrincipalName,'!') or startswith(userPrincipalName, '%23') or startswith(userPrincipalName, '$') or startswith(userPrincipalName, '%') or startswith(userPrincipalName, '%26') or startswith(userPrincipalName, '*') or startswith(userPrincipalName, '+') or startswith(userPrincipalName, ',') or startswith(userPrincipalName, '/') or startswith(userPrincipalName, '=') or startswith(userPrincipalName, '?') or startswith(userPrincipalName, '^')or startswith(userPrincipalName, '~') or startswith(userPrincipalName, '%7B'))\",\n            \"method\": \"GET\",\n            \"id\": \"19\",\n            \"headers\": {\"ConsistencyLevel\":\"eventual\"}\n        },\n        {\n            \"url\": \"groups/@{triggerBody()['text']}/transitiveMembers/microsoft.graph.user?$select=userPrincipalName&$top=999&$count=true&$filter=not(startsWith(userPrincipalName,'disable.')) and (startswith(userPrincipalName,'.') or startswith(userPrincipalName, '_') or startswith(userPrincipalName, '-') or startswith(userPrincipalName, '0') or startswith(userPrincipalName, '1') or startswith(userPrincipalName, '2') or startswith(userPrincipalName, '3') or startswith(userPrincipalName, '4') or startswith(userPrincipalName, '5') or startswith(userPrincipalName, '6') or startswith(userPrincipalName, '7') or startswith(userPrincipalName, '8') or startswith(userPrincipalName, '9'))\",\n            \"method\": \"GET\",\n            \"id\": \"20\",\n            \"headers\": {\"ConsistencyLevel\":\"eventual\"}\n        }\n    ]\n}"},"authentication":{"value":"@json(decodeBase64(triggerOutputs().headers['X-MS-APIM-Tokens']))['$ConnectionKey']","type":"Raw"}},"runtimeConfiguration":{"secureData":{"properties":["inputs","outputs"]}}}}},"expression":{"greater":["@body('Get_Source_Group_Count')?['@odata.count']",25000]},"metadata":{"operationMetadataId":"09b7d3b7-7ed5-4de2-99b0-95da4fc7ee33"},"type":"If"},"Get_Source_Group_Count":{"runAfter":{},"metadata":{"operationMetadataId":"880422e2-e86c-474e-b47d-c8d701ed66c7"},"type":"OpenApiConnection","inputs":{"host":{"apiId":"/providers/Microsoft.PowerApps/apis/shared_sharepointonline","connectionName":"shared_sharepointonline","operationId":"HttpRequest"},"parameters":{"dataset":"https://dod-graph.microsoft.us","parameters/method":"GET","parameters/uri":"/v1.0/groups/@{triggerBody()['text']}/transitiveMembers/microsoft.graph.user?$select=id&$top=1&$count=true","parameters/headers":{"Content-Type":"application/json","Accept":"application/json","ConsistencyLevel":"eventual"}},"authentication":{"value":"@json(decodeBase64(triggerOutputs().headers['X-MS-APIM-Tokens']))['$ConnectionKey']","type":"Raw"}},"runtimeConfiguration":{"secureData":{"properties":["inputs","outputs"]}}}},"runAfter":{"Respond_to_a_PowerApp_or_flow":["Succeeded","Failed","Skipped","TimedOut"]},"else":{"actions":{"Send_an_HTTP_request_to_SharePoint":{"runAfter":{},"metadata":{"operationMetadataId":"0bb6c881-c7dc-46c6-97d8-8f3d61d3b075"},"type":"OpenApiConnection","inputs":{"host":{"apiId":"/providers/Microsoft.PowerApps/apis/shared_sharepointonline","connectionName":"shared_sharepointonline","operationId":"HttpRequest"},"parameters":{"dataset":"@triggerBody()['text_3']","parameters/method":"GET","parameters/uri":"_api/web/SiteGroups(@{triggerBody()['text']})/users","parameters/headers":{"Accept":"application/json;odata=verbose","Content-type":"application/json;odata=verbose"}},"authentication":{"value":"@json(decodeBase64(triggerOutputs().headers['X-MS-APIM-Tokens']))['$ConnectionKey']","type":"Raw"}},"runtimeConfiguration":{"secureData":{"properties":["inputs","outputs"]}}},"Select_3":{"runAfter":{"Filter_array_2":["Succeeded"]},"metadata":{"operationMetadataId":"2e42b606-2b87-4b4a-8d4c-b3adc4b34723"},"type":"Select","inputs":{"from":"@body('Filter_array_2')","select":{"userPrincipalName":"@item()?['UserPrincipalName']"}},"runtimeConfiguration":{"secureData":{"properties":["inputs","outputs"]}}},"Set_variable":{"runAfter":{"Filter_array_4":["Succeeded"]},"metadata":{"operationMetadataId":"66189f1b-1eb5-4e2b-805d-fe1026b4b6e9"},"type":"SetVariable","inputs":{"name":"SourceResults","value":"@{body('Filter_array_4')}"}},"Filter_array_2":{"runAfter":{"Send_an_HTTP_request_to_SharePoint":["Succeeded"]},"metadata":{"operationMetadataId":"c24d2311-40e9-470c-8b4c-2ea04b1c95b2"},"type":"Query","inputs":{"from":"@body('Send_an_HTTP_request_to_SharePoint')?['d']?['results']","where":"@startsWith(item()?['LoginName'], 'i')"},"runtimeConfiguration":{"secureData":{"properties":["inputs","outputs"]}}},"Filter_array_4":{"runAfter":{"Select_3":["Succeeded"]},"metadata":{"operationMetadataId":"40fd11c0-4d62-434d-af66-8aebab151fc6"},"type":"Query","inputs":{"from":"@body('Select_3')","where":"@not(startsWith(item()?['userPrincipalName'], 'disable.'))"},"runtimeConfiguration":{"secureData":{"properties":["inputs","outputs"]}}}}},"expression":{"not":{"equals":["@triggerBody()['text_2']","SPUGM"]}},"metadata":{"operationMetadataId":"a2888e47-177c-446b-a05d-492d1e539007"},"type":"If"},"Get_target_members_UPNs":{"runAfter":{"Respond_to_a_PowerApp_or_flow":["Succeeded","Failed","Skipped","TimedOut"]},"metadata":{"operationMetadataId":"7d88b0b7-aaf4-4d1d-a34d-c3576670e67b"},"type":"OpenApiConnection","inputs":{"host":{"apiId":"/providers/Microsoft.PowerApps/apis/shared_sharepointonline","connectionName":"shared_sharepointonline","operationId":"HttpRequest"},"parameters":{"dataset":"https://dod-graph.microsoft.us/","parameters/method":"POST","parameters/uri":"v1.0/$batch","parameters/headers":{"Content-Type":"application/json","Accept":"application/json"},"parameters/body":"{\n    \"requests\": [\n        {\n            \"url\": \"groups/@{triggerBody()['text_1']}/transitiveMembers/microsoft.graph.user?$select=userPrincipalName&$top=999&$count=true&$filter=not(startsWith(userPrincipalName,'disable.')) and startswith(userPrincipalName,'a')\",\n            \"method\": \"GET\",\n            \"id\": \"1\",\n            \"headers\": {\"ConsistencyLevel\":\"eventual\"}\n        },\n        {\n            \"url\": \"groups/@{triggerBody()['text_1']}/transitiveMembers/microsoft.graph.user?$select=userPrincipalName&$top=999&$count=true&$filter=not(startsWith(userPrincipalName,'disable.')) and startswith(mail,'b')\",\n            \"method\": \"GET\",\n            \"id\": \"2\",\n            \"headers\": {\"ConsistencyLevel\":\"eventual\"}\n        },\n        {\n            \"url\": \"groups/@{triggerBody()['text_1']}/transitiveMembers/microsoft.graph.user?$select=userPrincipalName&$top=999&$count=true&$filter=not(startsWith(userPrincipalName,'disable.')) and (startswith(mail,'c') or startswith(mail, 'u'))\",\n            \"method\": \"GET\",\n            \"id\": \"3\",\n            \"headers\": {\"ConsistencyLevel\":\"eventual\"}\n        },\n        {\n            \"url\": \"groups/@{triggerBody()['text_1']}/transitiveMembers/microsoft.graph.user?$select=userPrincipalName&$top=999&$count=true&$filter=not(startsWith(userPrincipalName,'disable.')) and (startswith(mail,'d') or startswith(mail, 'y'))\",\n            \"method\": \"GET\",\n            \"id\": \"4\",\n            \"headers\": {\"ConsistencyLevel\":\"eventual\"}\n        },\n        {\n            \"url\": \"groups/@{triggerBody()['text_1']}/transitiveMembers/microsoft.graph.user?$select=userPrincipalName&$top=999&$count=true&$filter=not(startsWith(userPrincipalName,'disable.')) and startswith(mail,'e')\",\n            \"method\": \"GET\",\n            \"id\": \"5\",\n            \"headers\": {\"ConsistencyLevel\":\"eventual\"}\n        },\n        {\n            \"url\": \"groups/@{triggerBody()['text_1']}/transitiveMembers/microsoft.graph.user?$select=userPrincipalName&$top=999&$count=true&$filter=not(startsWith(userPrincipalName,'disable.')) and (startswith(mail,'f') or startswith(mail, 'g'))\",\n            \"method\": \"GET\",\n            \"id\": \"6\",\n            \"headers\": {\"ConsistencyLevel\":\"eventual\"}\n        },\n        {\n            \"url\": \"groups/@{triggerBody()['text_1']}/transitiveMembers/microsoft.graph.user?$select=userPrincipalName&$top=999&$count=true&$filter=not(startsWith(userPrincipalName,'disable.')) and startswith(mail,'s')\",\n            \"method\": \"GET\",\n            \"id\": \"7\",\n            \"headers\": {\"ConsistencyLevel\":\"eventual\"}\n        },\n        {\n            \"url\": \"groups/@{triggerBody()['text_1']}/transitiveMembers/microsoft.graph.user?$select=userPrincipalName&$top=999&$count=true&$filter=not(startsWith(userPrincipalName,'disable.')) and startswith(mail,'h')\",\n            \"method\": \"GET\",\n            \"id\": \"8\",\n            \"headers\": {\"ConsistencyLevel\":\"eventual\"}\n        },\n        {\n            \"url\": \"groups/@{triggerBody()['text_1']}/transitiveMembers/microsoft.graph.user?$select=userPrincipalName&$top=999&$count=true&$filter=not(startsWith(userPrincipalName,'disable.')) and (startswith(mail,'i') or startswith(mail, 'v'))\",\n            \"method\": \"GET\",\n            \"id\": \"9\",\n            \"headers\": {\"ConsistencyLevel\":\"eventual\"}\n        },\n        {\n            \"url\": \"groups/@{triggerBody()['text_1']}/transitiveMembers/microsoft.graph.user?$select=userPrincipalName&$top=999&$count=true&$filter=not(startsWith(userPrincipalName,'disable.')) and startswith(mail,'j')\",\n            \"method\": \"GET\",\n            \"id\": \"10\",\n            \"headers\": {\"ConsistencyLevel\":\"eventual\"}\n        },\n        {\n            \"url\": \"groups/@{triggerBody()['text_1']}/transitiveMembers/microsoft.graph.user?$select=userPrincipalName&$top=999&$count=true&$filter=not(startsWith(userPrincipalName,'disable.')) and (startswith(mail,'k') or startswith(mail, 'w'))\",\n            \"method\": \"GET\",\n            \"id\": \"11\",\n            \"headers\": {\"ConsistencyLevel\":\"eventual\"}\n        },\n        {\n            \"url\": \"groups/@{triggerBody()['text_1']}/transitiveMembers/microsoft.graph.user?$select=userPrincipalName&$top=999&$count=true&$filter=not(startsWith(userPrincipalName,'disable.')) and startswith(mail,'l')\",\n            \"method\": \"GET\",\n            \"id\": \"12\",\n            \"headers\": {\"ConsistencyLevel\":\"eventual\"}\n        },\n        {\n            \"url\": \"groups/@{triggerBody()['text_1']}/transitiveMembers/microsoft.graph.user?$select=userPrincipalName&$top=999&$count=true&$filter=not(startsWith(userPrincipalName,'disable.')) and startswith(mail,'m')\",\n            \"method\": \"GET\",\n            \"id\": \"13\",\n            \"headers\": {\"ConsistencyLevel\":\"eventual\"}\n        },\n        {\n            \"url\": \"groups/@{triggerBody()['text_1']}/transitiveMembers/microsoft.graph.user?$select=userPrincipalName&$top=999&$count=true&$filter=not(startsWith(userPrincipalName,'disable.')) and startswith(mail,'n')\",\n            \"method\": \"GET\",\n            \"id\": \"14\",\n            \"headers\": {\"ConsistencyLevel\":\"eventual\"}\n        },\n        {\n            \"url\": \"groups/@{triggerBody()['text_1']}/transitiveMembers/microsoft.graph.user?$select=userPrincipalName&$top=999&$count=true&$filter=not(startsWith(userPrincipalName,'disable.')) and startswith(mail,'o')\",\n            \"method\": \"GET\",\n            \"id\": \"15\",\n            \"headers\": {\"ConsistencyLevel\":\"eventual\"}\n        },\n        {\n            \"url\": \"groups/@{triggerBody()['text_1']}/transitiveMembers/microsoft.graph.user?$select=userPrincipalName&$top=999&$count=true&$filter=not(startsWith(userPrincipalName,'disable.')) and (startswith(mail,'p') or startswith(mail, 't'))\",\n            \"method\": \"GET\",\n            \"id\": \"16\",\n            \"headers\": {\"ConsistencyLevel\":\"eventual\"}\n        },\n        {\n            \"url\": \"groups/@{triggerBody()['text_1']}/transitiveMembers/microsoft.graph.user?$select=userPrincipalName&$top=999&$count=true&$filter=not(startsWith(userPrincipalName,'disable.')) and (startswith(mail,'q') or startswith(mail, 'x') or startswith(mail, 'z') or startswith(mail, '|') or startswith(mail, '%7D'))\",\n            \"method\": \"GET\",\n            \"id\": \"17\",\n            \"headers\": {\"ConsistencyLevel\":\"eventual\"}\n        },\n        {\n            \"url\": \"groups/@{triggerBody()['text_1']}/transitiveMembers/microsoft.graph.user?$select=userPrincipalName&$top=999&$count=true&$filter=not(startsWith(userPrincipalName,'disable.')) and startswith(mail,'r')\",\n            \"method\": \"GET\",\n            \"id\": \"18\",\n            \"headers\": {\"ConsistencyLevel\":\"eventual\"}\n        },\n        {\n            \"url\": \"groups/@{triggerBody()['text_1']}/transitiveMembers/microsoft.graph.user?$select=userPrincipalName&$top=999&$count=true&$filter=not(startsWith(userPrincipalName,'disable.')) and (startswith(mail,'!') or startswith(mail, '%23') or startswith(mail, '$') or startswith(mail, '%') or startswith(mail, '%26') or startswith(mail, '*') or startswith(mail, '+') or startswith(mail, ',') or startswith(mail, '/') or startswith(mail, '=') or startswith(mail, '?') or startswith(mail, '^')or startswith(mail, '~') or startswith(mail, '%7B'))\",\n            \"method\": \"GET\",\n            \"id\": \"19\",\n            \"headers\": {\"ConsistencyLevel\":\"eventual\"}\n        },\n        {\n            \"url\": \"groups/@{triggerBody()['text_1']}/transitiveMembers/microsoft.graph.user?$select=userPrincipalName&$top=999&$count=true&$filter=not(startsWith(userPrincipalName,'disable.')) and (startswith(mail,'.') or startswith(mail, '_') or startswith(mail, '-') or startswith(mail, '0') or startswith(mail, '1') or startswith(mail, '2') or startswith(mail, '3') or startswith(mail, '4') or startswith(mail, '5') or startswith(mail, '6') or startswith(mail, '7') or startswith(mail, '8') or startswith(mail, '9'))\",\n            \"method\": \"GET\",\n            \"id\": \"20\",\n            \"headers\": {\"ConsistencyLevel\":\"eventual\"}\n        }\n    ]\n}"},"authentication":{"value":"@json(decodeBase64(triggerOutputs().headers['X-MS-APIM-Tokens']))['$ConnectionKey']","type":"Raw"}},"runtimeConfiguration":{"secureData":{"properties":["inputs","outputs"]}}},"Select_target_nextLink":{"runAfter":{"Get_target_members_UPNs":["Succeeded"]},"metadata":{"operationMetadataId":"2cb46bff-6fc1-4a7f-9811-535b56061715"},"type":"Select","inputs":{"from":"@body('Get_target_members_UPNs')?['responses']","select":{"url":"@replace(string(item()?['body']?['@odata.nextLink']), 'https://dod-graph.microsoft.us/v1.0/', '')","method":"GET","id":"@item()?['id']","headers":"@json('{\"ConsistencyLevel\":\"eventual\"}')"}},"runtimeConfiguration":{"secureData":{"properties":["inputs","outputs"]}}},"Filter_target_nextLink_array":{"runAfter":{"Select_target_nextLink":["Succeeded"]},"metadata":{"operationMetadataId":"3a004b77-3150-439c-89c1-a3a1fdffcce8"},"type":"Query","inputs":{"from":"@body('Select_target_nextLink')","where":"@not(equals(item()?['url'], string(null)))"},"runtimeConfiguration":{"secureData":{"properties":["inputs","outputs"]}}},"Select_target_outputs":{"runAfter":{"Get_target_members_UPNs":["Succeeded"]},"metadata":{"operationMetadataId":"6201eaae-a910-4fbb-9849-e6fd4f7e3de3"},"type":"Select","inputs":{"from":"@body('Get_target_members_UPNs')?['responses']","select":"@item()?['body']?['value']"},"runtimeConfiguration":{"secureData":{"properties":["inputs","outputs"]}}},"Look_for_Pagination_2":{"actions":{"Do_until":{"actions":{"Append_to_results":{"runAfter":{"Flatten_paginated_outputs_3":["Succeeded"]},"metadata":{"operationMetadataId":"d2edfb45-10cd-42c6-9ed9-64c894ac93d8"},"type":"AppendToStringVariable","inputs":{"name":"TargetResults","value":",@{body('Flatten_paginated_outputs_3')}"}},"Flatten_paginated_outputs_3":{"runAfter":{"Select_paginated_outputs_3":["Succeeded"]},"metadata":{"operationMetadataId":"00c4c7a1-1d4b-4d59-9d49-60ef781b0f78"},"type":"Select","inputs":{"from":"@json(replace(replace(replace(string(body('Select_paginated_outputs_3')), '],[', ','), '[[', '['), ']]', ']'))","select":{"userPrincipalName":"@item()?['userPrincipalName']"}},"runtimeConfiguration":{"secureData":{"properties":["inputs","outputs"]}}},"Send_paginated_request_2":{"runAfter":{},"metadata":{"operationMetadataId":"b256e5f4-7615-4312-8d0b-90d1bc12f9ae"},"type":"OpenApiConnection","inputs":{"host":{"apiId":"/providers/Microsoft.PowerApps/apis/shared_sharepointonline","connectionName":"shared_sharepointonline","operationId":"HttpRequest"},"parameters":{"dataset":"https://dod-graph.microsoft.us/","parameters/method":"POST","parameters/uri":"v1.0/$batch","parameters/headers":{"Content-Type":"application/json","Accept":"application/json"},"parameters/body":"@json(variables('TargetNextLink'))"},"authentication":{"value":"@json(decodeBase64(triggerOutputs().headers['X-MS-APIM-Tokens']))['$ConnectionKey']","type":"Raw"}},"runtimeConfiguration":{"secureData":{"properties":["inputs","outputs"]}}},"Reset_nextLink":{"runAfter":{"Filter_paginated_array_3":["Succeeded"]},"metadata":{"operationMetadataId":"514a7719-3731-4a6d-ba77-9950d8003063"},"type":"SetVariable","inputs":{"name":"TargetNextLink","value":"{\"requests\": @{body('Filter_paginated_array_3')}}"}},"Select_paginated_outputs_3":{"runAfter":{"Send_paginated_request_2":["Succeeded"]},"metadata":{"operationMetadataId":"d4c333da-2d17-4ba5-aacc-21658489efaf"},"type":"Select","inputs":{"from":"@body('Send_paginated_request_2')?['responses']","select":"@item()?['body']?['value']"},"runtimeConfiguration":{"secureData":{"properties":["inputs","outputs"]}}},"Select_paginated_nextLink_3":{"runAfter":{"Send_paginated_request_2":["Succeeded"]},"metadata":{"operationMetadataId":"bbe3963b-3f8d-42cc-b93a-29e80767e27f"},"type":"Select","inputs":{"from":"@body('Send_paginated_request_2')?['responses']","select":{"url":"@replace(string(item()?['body']?['@odata.nextLink']), 'https://dod-graph.microsoft.us/v1.0/', '')","method":"GET","id":"@item()?['id']","headers":"@json('{\"ConsistencyLevel\":\"eventual\"}')"}},"runtimeConfiguration":{"secureData":{"properties":["inputs","outputs"]}}},"Filter_paginated_array_3":{"runAfter":{"Select_paginated_nextLink_3":["Succeeded"]},"metadata":{"operationMetadataId":"7e6d3d34-67da-4aa6-b854-6a1de85415bc"},"type":"Query","inputs":{"from":"@body('Select_paginated_nextLink_3')","where":"@not(equals(item()?['url'], string(null)))"},"runtimeConfiguration":{"secureData":{"properties":["inputs","outputs"]}}}},"runAfter":{},"expression":"@equals(empty(body('Filter_paginated_array_3')), true)","limit":{"count":60,"timeout":"PT1H"},"metadata":{"operationMetadataId":"3d7a420d-9dd8-4bd4-b132-8c30a1a2b932"},"type":"Until"}},"runAfter":{"Set_TargetNextLink":["Succeeded"],"Set_TargetResults":["Succeeded"]},"expression":{"equals":["@empty(body('Filter_target_nextLink_array'))","@false"]},"metadata":{"operationMetadataId":"24c39df2-c325-4eb2-908d-eada172b13c4"},"type":"If"},"Filter_target_for_null":{"runAfter":{"Look_for_Pagination_2":["Succeeded"]},"metadata":{"operationMetadataId":"c02e098d-e40d-4cf0-ab71-ef9d997e0660"},"type":"Query","inputs":{"from":"@union(\r\n    json(replace(variables('TargetResults'),'],[',',')),\r\n    json(replace(variables('TargetResults'),'],[',','))\r\n)","where":"@not(equals(item()?['userPrincipalName'], null))"},"runtimeConfiguration":{"secureData":{"properties":["inputs","outputs"]}}},"Filter_source_for_null":{"runAfter":{"Get_Source":["Succeeded"]},"metadata":{"operationMetadataId":"a31b5cbc-cc87-4377-b356-7d91f37d3b5d"},"type":"Query","inputs":{"from":"@union(\r\n    json(replace(variables('SourceResults'),'],[',',')),\r\n    json(replace(variables('SourceResults'),'],[',','))\r\n)","where":"@not(equals(item()?['userPrincipalName'], null))"},"runtimeConfiguration":{"secureData":{"properties":["inputs","outputs"]}}}}},"expression":"@triggerBody()['text_2']","metadata":{"operationMetadataId":"4115af38-2bef-4260-ad4d-0bcfd26edc6e"},"type":"Switch"},"Initialize_SourceNextLink":{"runAfter":{},"metadata":{"operationMetadataId":"15598ce9-823f-400e-b682-3326f6c1e665"},"type":"InitializeVariable","inputs":{"variables":[{"name":"SourceNextLink","type":"string"}]}},"Terminate":{"runAfter":{"Switch":["Succeeded","Skipped","TimedOut","Failed"]},"metadata":{"operationMetadataId":"87b8087a-a1d6-4101-9fdf-68ff176c9e17"},"type":"Terminate","inputs":{"runStatus":"Succeeded"}}},"description":"Gets the Owner(s) of a 365 group, must provide the group ID"},"connectionReferences":{"shared_sharepointonline":{"connectionName":"6799b2b48a3d46e2adbca715e2ce48bf","source":"Invoker","id":"/providers/Microsoft.PowerApps/apis/shared_sharepointonline","tier":"NotSpecified"},"shared_teams":{"connectionName":"5895e7258ab3424ab49e847594fdcaf5","source":"Invoker","id":"/providers/Microsoft.PowerApps/apis/shared_teams","tier":"NotSpecified"}},"flowFailureAlertSubscribed":false,"isManaged":false}}