{"name":"3de7d59e-7706-4008-b44e-129a4331bd47","id":"/providers/Microsoft.Flow/flows/3de7d59e-7706-4008-b44e-129a4331bd47","type":"Microsoft.Flow/flows","properties":{"apiId":"/providers/Microsoft.PowerApps/apis/shared_logicflows","displayName":"SaveToExcel","definition":{"metadata":{"workflowEntityId":null,"processAdvisorMetadata":null,"flowChargedByPaygo":null,"flowclientsuspensionreason":"None","flowclientsuspensiontime":null,"flowclientsuspensionreasondetails":null,"creator":{"id":"a854521f-b987-4769-a9d3-c1e057d50212","type":"User","tenantId":"c4545e66-0f6b-4bef-9ee4-afff42ab71a7"},"provisioningMethod":"FromDefinition","failureAlertSubscription":true,"clientLastModifiedTime":"2024-08-08T21:44:40.1770918Z","connectionKeySavedTimeKey":"2024-08-08T18:33:29.0092286Z"},"$schema":"https://schema.management.azure.com/providers/Microsoft.Logic/schemas/2016-06-01/workflowdefinition.json#","contentVersion":"1.0.0.0","parameters":{"$connections":{"defaultValue":{},"type":"Object"},"$authentication":{"defaultValue":{},"type":"SecureObject"}},"triggers":{"manual":{"metadata":{"operationMetadataId":"2d94a6dc-b3f5-4bd4-ae1a-3ab08619f62b"},"type":"Request","kind":"PowerAppV2","inputs":{"schema":{"type":"object","properties":{"text":{"title":"FileName","type":"string","x-ms-dynamically-added":true,"description":"Please enter your input","x-ms-content-hint":"TEXT"},"text_1":{"title":"FileContent","type":"string","x-ms-dynamically-added":true,"description":"Please enter your input","x-ms-content-hint":"TEXT"},"text_2":{"title":"function","type":"string","x-ms-dynamically-added":true,"description":"Please enter your input","x-ms-content-hint":"TEXT"},"text_3":{"title":"b64Excel","type":"string","x-ms-dynamically-added":true,"description":"Please enter your input","x-ms-content-hint":"TEXT"}},"required":["text","text_1","text_2","text_3"]}}}},"actions":{"Initialize_TempString":{"runAfter":{},"metadata":{"operationMetadataId":"e591fdd3-f5f5-4a5f-8d37-dff6fba7b974"},"type":"InitializeVariable","inputs":{"variables":[{"name":"TempString","type":"string"}]}},"Switch":{"runAfter":{"Initialize_TempString":["Succeeded"]},"cases":{"groupSearchOwners":{"case":"groupSearchOwners","actions":{"Set_groupSearchOwners_TempString":{"runAfter":{"groupSearchOwners_Select":["Succeeded"]},"metadata":{"operationMetadataId":"37340a15-7010-47a1-ab66-189c87108e43"},"type":"SetVariable","inputs":{"name":"TempString","value":"@{body('groupSearchOwners_Select')}"}},"Apply_to_each":{"foreach":"@chunk(json(triggerBody()['text_1']),20)","actions":{"Send_an_HTTP_request_Owners":{"runAfter":{"Select_body":["Succeeded"]},"metadata":{"operationMetadataId":"bcfee7b4-3536-434a-b82a-ff833be9bca9"},"type":"OpenApiConnection","inputs":{"host":{"apiId":"/providers/Microsoft.PowerApps/apis/shared_sharepointonline","connectionName":"shared_sharepointonline_1","operationId":"HttpRequest"},"parameters":{"dataset":"https://dod-graph.microsoft.us/","parameters/method":"POST","parameters/uri":"v1.0/$batch","parameters/headers":{"Content-Type":"application/json","Accept":"application/json"},"parameters/body":"{\n  \"requests\": @{body('Select_body')}\n}"},"authentication":{"value":"@json(decodeBase64(triggerOutputs().headers['X-MS-APIM-Tokens']))['$ConnectionKey']","type":"Raw"}},"runtimeConfiguration":{"secureData":{"properties":["inputs","outputs"]}}},"Select_body":{"runAfter":{},"metadata":{"operationMetadataId":"dbb21928-520a-4ca7-9523-ee2f0af50585"},"type":"Select","inputs":{"from":"@range(0,length(items('Apply_to_each')))","select":{"url":"groups/@{items('Apply_to_each')[item()]}/?$select=assignedLabels,displayName,id,mail,visibility&$expand=owners($select=displayName,mail)","method":"GET","id":"@item()"}},"runtimeConfiguration":{"secureData":{"properties":["inputs","outputs"]}}},"Select_Processing":{"runAfter":{"Send_an_HTTP_request_Owners":["Succeeded"]},"metadata":{"operationMetadataId":"c98abbff-366b-4efd-ba3d-33d757e770ec"},"type":"Select","inputs":{"from":"@range(0,length(body('Send_an_HTTP_request_Owners')?['responses']))","select":{"groupDisplayName":"@body('Send_an_HTTP_request_Owners')?['responses'][item()]?['body']?['displayName']","groupMail":"@body('Send_an_HTTP_request_Owners')?['responses'][item()]?['body']?['mail']","groupVisibility":"@body('Send_an_HTTP_request_Owners')?['responses'][item()]?['body']?['visibility']","groupLabel":"@if(\r\n    empty(body('Send_an_HTTP_request_Owners')?['responses'][item()]?['body']?['assignedLabels']),\r\n    'None',\r\n    string(body('Send_an_HTTP_request_Owners')?['responses'][item()]?['body']?['assignedLabels'][0]?['displayName'])\r\n)","owners":"@body('Send_an_HTTP_request_Owners')?['responses'][item()]?['body']?['owners']"}},"runtimeConfiguration":{"secureData":{"properties":["inputs","outputs"]}}},"ProcessOwners":{"foreach":"@body('Select_Processing')","actions":{"Select_Owners":{"runAfter":{},"metadata":{"operationMetadataId":"1eb8341e-6464-4ecb-a335-481d84eebbf9"},"type":"Select","inputs":{"from":"@items('ProcessOwners')?['owners']","select":{"displayName":"@item()?['displayName']","mail":"@item()?['mail']","groupDisplayName":"@items('ProcessOwners')?['groupDisplayName']","groupMail":"@items('ProcessOwners')?['groupMail']","groupVisibility":"@items('ProcessOwners')?['groupVisibility']","groupLabel":"@items('ProcessOwners')?['groupLabel']"}},"runtimeConfiguration":{"secureData":{"properties":["inputs","outputs"]}}},"Append_to_TempString":{"runAfter":{"Select_Owners":["Succeeded"]},"metadata":{"operationMetadataId":"f10733be-d88b-4cdc-badc-d7f94fa05953"},"type":"AppendToStringVariable","inputs":{"name":"TempString","value":"@body('Select_Owners')"}}},"runAfter":{"Select_Processing":["Succeeded"]},"metadata":{"operationMetadataId":"7d6b0efe-003c-4165-b519-f5b16f1ba9bc"},"type":"Foreach","runtimeConfiguration":{"concurrency":{"repetitions":50}}}},"runAfter":{},"metadata":{"operationMetadataId":"bdf68c90-e13d-4f22-85dc-f0f1eb61b5f3"},"type":"Foreach","runtimeConfiguration":{"concurrency":{"repetitions":50}}},"groupSearchOwners_Select":{"runAfter":{"Filter_array_2":["Succeeded"]},"metadata":{"operationMetadataId":"927a002c-2375-4876-9b7f-efcccf152a35"},"type":"Select","inputs":{"from":"@sort(body('Filter_array_2'),'groupMail')","select":["@item()?['displayName']","@item()?['mail']","@item()?['groupDisplayName']","@item()?['groupMail']","@item()?['groupLabel']","@item()?['groupVisibility']"]},"runtimeConfiguration":{"secureData":{"properties":["inputs","outputs"]}}},"Filter_array_2":{"runAfter":{"Apply_to_each":["Succeeded"]},"metadata":{"operationMetadataId":"ecb2834c-845f-4753-b7c6-4f69e27290ad"},"type":"Query","inputs":{"from":"@json(replace(replace(variables('TempString'),':null',':\"\"'),'][',','))","where":"@not(equals(item(), null))"},"runtimeConfiguration":{"secureData":{"properties":["inputs","outputs"]}}}}},"userLicenses":{"case":"userLicenses","actions":{"Apply_to_each_2":{"foreach":"@chunk(body('Filter_array'),20)","actions":{"SelectLicenses":{"runAfter":{"FilterLicenses":["Succeeded"]},"metadata":{"operationMetadataId":"1bf8291a-b0f9-46b3-b0ff-d9878604f425"},"type":"Select","inputs":{"from":"@range(0,length(body('FilterLicenses')))","select":{"license":"@body('FilterLicenses')[item()]?['displayName']","givenName":"@items('Apply_to_each_2')[item()]?[0]","surname":"@items('Apply_to_each_2')[item()]?[1]","displayName":"@items('Apply_to_each_2')[item()]?[2]","jobTitle":"@items('Apply_to_each_2')[item()]?[3]","mail":"@items('Apply_to_each_2')[item()]?[4]","country":"@items('Apply_to_each_2')[item()]?[7]","state":"@items('Apply_to_each_2')[item()]?[8]","city":"@items('Apply_to_each_2')[item()]?[9]","postalCode":"@items('Apply_to_each_2')[item()]?[10]","companyName":"@items('Apply_to_each_2')[item()]?[11]","department":"@items('Apply_to_each_2')[item()]?[12]","officeLocation":"@items('Apply_to_each_2')[item()]?[13]","UIC":"@items('Apply_to_each_2')[item()]?[16]","employeeId":"@items('Apply_to_each_2')[item()]?[17]"}},"runtimeConfiguration":{"secureData":{"properties":["inputs","outputs"]}}},"SelectLicenseBody":{"runAfter":{},"metadata":{"operationMetadataId":"f707666d-5918-4755-ac5e-4d64ca3ae326"},"type":"Select","inputs":{"from":"@range(0,length(items('Apply_to_each_2')))","select":{"url":"users/@{items('Apply_to_each_2')[item()][4]}/transitiveMemberOf/microsoft.graph.group?$filter=mail eq null&$count=true&$select=displayName","method":"GET","id":"@item()","headers":"@json('{\"ConsistencyLevel\": \"eventual\"}')"}},"runtimeConfiguration":{"secureData":{"properties":["inputs","outputs"]}}},"Send_an_HTTP_request_UserLicenses":{"runAfter":{"SelectLicenseBody":["Succeeded"]},"metadata":{"operationMetadataId":"9d98b102-7728-4fd8-8526-ef3b60004012"},"type":"OpenApiConnection","inputs":{"host":{"apiId":"/providers/Microsoft.PowerApps/apis/shared_sharepointonline","connectionName":"shared_sharepointonline_1","operationId":"HttpRequest"},"parameters":{"dataset":"https://dod-graph.microsoft.us/","parameters/method":"POST","parameters/uri":"v1.0/$batch","parameters/headers":{"Content-Type":"application/json","Accept":"application/json"},"parameters/body":"{\n  \"requests\": @{body('SelectLicenseBody')}\n}"},"authentication":{"value":"@json(decodeBase64(triggerOutputs().headers['X-MS-APIM-Tokens']))['$ConnectionKey']","type":"Raw"}},"runtimeConfiguration":{"secureData":{"properties":["inputs","outputs"]}}},"Sort_UserLicenses":{"runAfter":{"Select_UserLicenses":["Succeeded"]},"metadata":{"operationMetadataId":"93c2a79b-ac0c-4282-a525-d51340de1a13"},"type":"Select","inputs":{"from":"@sort(body('Select_UserLicenses'),'id')","select":"@json(replace(string(item()?['value']),':null',':\"\"'))"},"runtimeConfiguration":{"secureData":{"properties":["inputs","outputs"]}}},"FilterLicenses":{"runAfter":{"Sort_UserLicenses":["Succeeded"]},"metadata":{"operationMetadataId":"b5e9e5a6-1896-439f-af51-f185408e4304"},"type":"Query","inputs":{"from":"@json(replace(replace(replace(string(body('Sort_UserLicenses')),'],[',','),'[[','['),']]',']'))","where":"@or(\n  startsWith(item()?['displayName'], 'Persona-'),\n  equals(item()?['displayName'], 'Directory Synced New User')\n)"},"runtimeConfiguration":{"secureData":{"properties":["inputs","outputs"]}}},"Select_UserLicenses":{"runAfter":{"Send_an_HTTP_request_UserLicenses":["Succeeded","Failed"]},"metadata":{"operationMetadataId":"328368f3-c454-4bd4-b20e-8c6e5c0cdabd"},"type":"Select","inputs":{"from":"@body('Send_an_HTTP_request_UserLicenses')?['responses']","select":{"id":"@int(item()?['id'])","value":"@item()?['body']?['value']"}},"runtimeConfiguration":{"secureData":{"properties":["inputs","outputs"]}}}},"runAfter":{"Filter_array":["Succeeded"]},"metadata":{"operationMetadataId":"c78c5e2b-13b3-49dd-aef7-2971614c8099"},"type":"Foreach","runtimeConfiguration":{"concurrency":{"repetitions":50}}},"userLicenses_Select":{"runAfter":{"Apply_to_each_2":["Succeeded"]},"metadata":{"operationMetadataId":"5c3a0a89-be9c-4288-a00d-9c46d65bf332"},"type":"Select","inputs":{"from":"@if(\r\n    equals(\r\n        json(replace(replace(replace(string(body('SelectLicenses')),'],[',','),'[[','['),']]',']')),\r\n        null\r\n    ),\r\n    json('[]'),\r\n    json(replace(replace(replace(string(body('SelectLicenses')),'],[',','),'[[','['),']]',']'))\r\n)","select":["@item()?['license']","@item()?['givenName']","@item()?['surname']","@item()?['displayName']","@item()?['jobTitle']","@item()?['mail']","@item()?['country']","@item()?['state']","@item()?['city']","@item()?['postalCode']","@item()?['companyName']","@item()?['department']","@item()?['officeLocation']","@item()?['UIC']","@item()?['employeeId']"]},"runtimeConfiguration":{"secureData":{"properties":["inputs","outputs"]}}},"Set_userLicenses_TempString":{"runAfter":{"userLicenses_Select":["Succeeded"]},"metadata":{"operationMetadataId":"7b633c1d-74cd-4f1a-83fd-e5f0b8640f30"},"type":"SetVariable","inputs":{"name":"TempString","value":"@{body('userLicenses_Select')}"}},"Filter_array":{"runAfter":{},"metadata":{"operationMetadataId":"15d49bb0-c936-4567-b133-0acb0ed0738f"},"type":"Query","inputs":{"from":"@json(triggerBody()['text_1'])","where":"@not(startsWith(item()[4], 'disable.'))"},"runtimeConfiguration":{"secureData":{"properties":["inputs","outputs"]}}}}}},"default":{"actions":{"Set_TempString":{"runAfter":{},"metadata":{"operationMetadataId":"b1055fa9-b680-406d-9601-a5235f0fa0ef"},"type":"SetVariable","inputs":{"name":"TempString","value":"@triggerBody()['text_1']"}}}},"expression":"@triggerBody()['text_2']","metadata":{"operationMetadataId":"b4fc0768-3bf6-4da5-a714-34c5a3973663"},"type":"Switch"},"Terminate":{"runAfter":{"Respond_to_a_PowerApp_or_flow":["Succeeded"]},"metadata":{"operationMetadataId":"595d57f4-fdbb-4cd3-9bf2-0d09fda6e133"},"type":"Terminate","inputs":{"runStatus":"Succeeded"}},"Respond_to_a_PowerApp_or_flow":{"runAfter":{"Apply_to_each_3":["Succeeded"]},"metadata":{"operationMetadataId":"96378073-0299-4b9d-82af-1f63e43170a9"},"type":"Response","kind":"PowerApp","inputs":{"statusCode":200,"body":{"linkresponse":"@{body('Send_an_HTTP_request')?['webUrl']}"},"schema":{"type":"object","properties":{"linkresponse":{"title":"LinkResponse","x-ms-dynamically-added":true,"type":"string"}}}},"runtimeConfiguration":{"secureData":{"properties":["inputs"]}}},"Apply_to_each_3":{"foreach":"@chunk(json(variables('TempString')),10000)","actions":{"WriteRows_Fast":{"runAfter":{},"metadata":{"operationMetadataId":"31567eed-7444-4889-a9cc-88f38dff8901"},"type":"OpenApiConnection","inputs":{"host":{"apiId":"/providers/Microsoft.PowerApps/apis/shared_office365users","connectionName":"shared_office365users","operationId":"HttpRequest"},"parameters":{"Uri":"https://dod-graph.microsoft.us/v1.0/me/drive/root:/@{body('Send_an_HTTP_request')?['name']}:/workbook/tables/Table1/rows/add","Method":"POST","Body":"{\n  \"values\": @{items('Apply_to_each_3')}\n}","ContentType":"application/json"},"authentication":{"value":"@json(decodeBase64(triggerOutputs().headers['X-MS-APIM-Tokens']))['$ConnectionKey']","type":"Raw"}},"runtimeConfiguration":{"secureData":{"properties":["inputs","outputs"]}}}},"runAfter":{"Switch":["Succeeded"],"Send_an_HTTP_request":["Succeeded"]},"metadata":{"operationMetadataId":"686a16d3-03fd-4482-b5a7-0a6c7d71ef36"},"type":"Foreach"},"Send_an_HTTP_request":{"runAfter":{"Initialize_TempString":["Succeeded"]},"metadata":{"operationMetadataId":"123af96d-049c-466b-b864-4729dc27ee1a"},"type":"OpenApiConnection","inputs":{"host":{"apiId":"/providers/Microsoft.PowerApps/apis/shared_office365users","connectionName":"shared_office365users","operationId":"HttpRequest"},"parameters":{"Uri":"https://dod-graph.microsoft.us/v1.0/me/drive/root:/@{decodeUriComponent(triggerBody()['text'])}_@{formatDateTime(utcNow(),'yyyyMMdd_HHmmss')}Z.xlsx:/content","Method":"PUT","Body":"@base64ToBinary(triggerBody()['text_3'])","ContentType":"text/plain"},"authentication":{"value":"@json(decodeBase64(triggerOutputs().headers['X-MS-APIM-Tokens']))['$ConnectionKey']","type":"Raw"}},"runtimeConfiguration":{"secureData":{"properties":["inputs","outputs"]}}},"Post_message_in_a_chat_or_channel":{"runAfter":{"Respond_to_a_PowerApp_or_flow":["Failed"]},"metadata":{"operationMetadataId":"09083c97-0031-4721-87da-cdbe926a2db3"},"type":"OpenApiConnection","inputs":{"host":{"apiId":"/providers/Microsoft.PowerApps/apis/shared_teams","connectionName":"shared_teams","operationId":"PostMessageToConversation"},"parameters":{"poster":"User","location":"Group chat","body/recipient":"48:notes","body/messageBody":"<a href=\"@{body('Send_an_HTTP_request')?['webUrl']}\">@{body('Send_an_HTTP_request')?['name']}</a>"},"authentication":{"value":"@json(decodeBase64(triggerOutputs().headers['X-MS-APIM-Tokens']))['$ConnectionKey']","type":"Raw"}},"runtimeConfiguration":{"secureData":{"properties":["inputs","outputs"]}}},"Terminate_2":{"runAfter":{"Post_message_in_a_chat_or_channel":["Succeeded"]},"metadata":{"operationMetadataId":"2688381d-ed24-45ca-83d2-16ff16fb6dfd"},"type":"Terminate","inputs":{"runStatus":"Succeeded"}}}},"connectionReferences":{"shared_sharepointonline_1":{"connectionName":"6799b2b48a3d46e2adbca715e2ce48bf","source":"Invoker","id":"/providers/Microsoft.PowerApps/apis/shared_sharepointonline","tier":"NotSpecified"},"shared_office365users":{"connectionName":"d522e59986344959a1898e28ade19ebd","source":"Invoker","id":"/providers/Microsoft.PowerApps/apis/shared_office365users","tier":"NotSpecified"},"shared_teams":{"connectionName":"5895e7258ab3424ab49e847594fdcaf5","source":"Invoker","id":"/providers/Microsoft.PowerApps/apis/shared_teams","tier":"NotSpecified"}},"flowFailureAlertSubscribed":false,"isManaged":false}}