{"schemaVersion":"1.0","appDefinitionTemplate":{"id":"/providers/Microsoft.PowerApps/apps/","type":"Microsoft.PowerApps/apps","tags":{"primaryDeviceWidth":"2009","primaryDeviceHeight":"635","supportsPortrait":"true","supportsLandscape":"true","primaryFormFactor":"Tablet","publisherVersion":"3.24074.14","minimumRequiredApiVersion":"2.2.0","hasComponent":"true","hasUnlockedComponent":"true","isUnifiedRootApp":"false","sienaVersion":"20240809T172051Z-3.24074.14.0","showStatusBar":"true","offlineLargeFilesSupport":"false"},"properties":{"appVersion":"2024-08-09T17:20:51Z","lifeCycleId":"Published","createdByClientVersion":{"major":3,"minor":24074,"build":14,"revision":0,"majorRevision":0,"minorRevision":0},"minClientVersion":{"major":3,"minor":24074,"build":14,"revision":0,"majorRevision":0,"minorRevision":0},"backgroundColor":"rgba(98, 100, 167, 1)","backgroundImageUri":"/10326701375292320862/N44b79a3f-1665-494c-b30b-ee0caf1893b2-logoSmallFile","displayName":"Group Management","description":"Storage and nice interface for manual button press flows that return useful information. Nice place to input search parameters, nice place to return outputs. Also combining a few one-off apps that are essentially just button-press Flow front-ends.","commitMessage":"","appUris":{"documentUri":{"value":"/10326701375292320862/Nb2337027-35fe-4484-b52c-8d970547ab2c-document.msapp"},"imageUris":[],"additionalUris":[{"isSolutionAware":false,"value":"/10326701375292320862/Ne95e3c60-c9ae-445a-bb59-e59505a93e1e-identity.json"}]},"createdTime":"0001-01-01T00:00:00Z","lastModifiedTime":"0001-01-01T00:00:00Z","sharedGroupsCount":0,"sharedUsersCount":0,"connectionReferences":{"c2ffadcc-ff39-4398-9d52-726b1c1037b9":{"id":"7517738b-f683-46cf-805e-5c3009358dd1","displayName":"Office 365 Groups","iconUri":"https://connectoricons-prod.azureedge.net/releases/v1.0.1681/1.0.1681.3663/office365groups/icon.png","dataSources":["Office365Groups"],"dependencies":[],"dependents":["51553905-44e8-466a-b32c-65078f00c4a1"],"parameterHints":{},"parameterHintsV2":{},"isOnPremiseConnection":false,"bypassConsent":false,"dataSets":{},"apiTier":"Standard","isCustomApiConnection":false,"actions":["HttpRequestV2","ListGroups","CalendarDeleteItem_V2","RemoveMemberFromGroup"]},"6521afb6-38c4-4aeb-a06f-62d41d50a3ff":{"id":"207bcffc-bdc3-4f22-bb61-9d3a2952e426","displayName":"Microsoft Teams","iconUri":"https://connectoricons-prod.azureedge.net/releases/v1.0.1690/1.0.1690.3719/teams/icon.png","dataSources":["MicrosoftTeams"],"dependencies":[],"dependents":["1a0145b0-2827-4015-bd3a-38d0347a1eb6","62a20ba3-3a6f-4998-b5ca-f6de28cc45e5","cf8c9d4e-3057-47d0-9a44-e212e4770362","51553905-44e8-466a-b32c-65078f00c4a1","c333cd7b-d819-4e91-a016-2e9320debaa2"],"parameterHints":{},"parameterHintsV2":{},"isOnPremiseConnection":false,"bypassConsent":false,"dataSets":{},"apiTier":"Standard","isCustomApiConnection":false,"actions":["HttpRequest"]},"8b5ba193-dd72-457d-8e07-5ee132dad9e8":{"id":"785f83e9-df57-4b5d-abdd-6c98d35e0ccd","displayName":"Office 365 Users","iconUri":"https://connectoricons-prod.azureedge.net/releases/v1.0.1702/1.0.1702.3810/office365users/icon.png","dataSources":["Office365Users"],"dependencies":[],"dependents":["62a20ba3-3a6f-4998-b5ca-f6de28cc45e5","cf8c9d4e-3057-47d0-9a44-e212e4770362","51553905-44e8-466a-b32c-65078f00c4a1","c333cd7b-d819-4e91-a016-2e9320debaa2"],"parameterHints":{},"parameterHintsV2":{},"isOnPremiseConnection":false,"bypassConsent":false,"dataSets":{},"apiTier":"Standard","isCustomApiConnection":false,"actions":["HttpRequest","MyProfile_V2","SearchUserV2","UserProfile_V2"]},"1a0145b0-2827-4015-bd3a-38d0347a1eb6":{"id":"1bef2239-bf9c-4335-ab02-227206780e52","displayName":"Logic flows","iconUri":"https://connectoricons-prod.azureedge.net/releases/v1.0.1697/1.0.1697.3784/logicflows/icon.png","dataSources":["AddGroup_DelGroups"],"dependencies":["53ad1354-f50f-4ae6-9338-8957eed262f0","6521afb6-38c4-4aeb-a06f-62d41d50a3ff"],"dependents":[],"parameterHints":{"workflowName":{"value":"19b055ab-91ce-4964-8d75-b1f5653b04b0"},"workflowEntityId":{},"workflowDisplayName":{"value":"AddGroup_DelGroups"},"53ad1354-f50f-4ae6-9338-8957eed262f0":{"value":"shared_sharepointonline"},"6521afb6-38c4-4aeb-a06f-62d41d50a3ff":{"value":"shared_teams"}},"parameterHintsV2":{"workflowName":{"value":"19b055ab-91ce-4964-8d75-b1f5653b04b0"},"workflowEntityId":{},"workflowDisplayName":{"value":"AddGroup_DelGroups"},"shared_sharepointonline":{"value":"53ad1354-f50f-4ae6-9338-8957eed262f0"},"shared_teams":{"value":"6521afb6-38c4-4aeb-a06f-62d41d50a3ff"}},"isOnPremiseConnection":false,"bypassConsent":false,"dataSets":{},"apiTier":"Standard","isCustomApiConnection":false,"actions":["Run"]},"53ad1354-f50f-4ae6-9338-8957eed262f0":{"id":"aead8c47-c2b6-4e6c-8fc6-6ba798d45585","displayName":"SharePoint","iconUri":"https://connectoricons-prod.azureedge.net/u/jayawan/releases/v1.0.1697/1.0.1697.3786/sharepointonline/icon.png","dataSources":[],"dependencies":[],"dependents":["1a0145b0-2827-4015-bd3a-38d0347a1eb6","62a20ba3-3a6f-4998-b5ca-f6de28cc45e5","51553905-44e8-466a-b32c-65078f00c4a1","c333cd7b-d819-4e91-a016-2e9320debaa2"],"parameterHints":{},"parameterHintsV2":{},"isOnPremiseConnection":false,"bypassConsent":false,"dataSets":{},"apiTier":"Standard","isCustomApiConnection":false},"62a20ba3-3a6f-4998-b5ca-f6de28cc45e5":{"id":"1bef2239-bf9c-4335-ab02-227206780e52","displayName":"Logic flows","iconUri":"https://connectoricons-prod.azureedge.net/releases/v1.0.1697/1.0.1697.3784/logicflows/icon.png","dataSources":["Createlistfromanotherlist"],"dependencies":["8b5ba193-dd72-457d-8e07-5ee132dad9e8","53ad1354-f50f-4ae6-9338-8957eed262f0","6521afb6-38c4-4aeb-a06f-62d41d50a3ff"],"dependents":[],"parameterHints":{"workflowName":{"value":"a24a5349-562d-40ee-8f60-c17a96f35df7"},"workflowEntityId":{},"workflowDisplayName":{"value":"Create list from another list"},"8b5ba193-dd72-457d-8e07-5ee132dad9e8":{"value":"shared_office365users"},"53ad1354-f50f-4ae6-9338-8957eed262f0":{"value":"shared_sharepointonline"},"6521afb6-38c4-4aeb-a06f-62d41d50a3ff":{"value":"shared_teams"}},"parameterHintsV2":{"workflowName":{"value":"a24a5349-562d-40ee-8f60-c17a96f35df7"},"workflowEntityId":{},"workflowDisplayName":{"value":"Create list from another list"},"shared_office365users":{"value":"8b5ba193-dd72-457d-8e07-5ee132dad9e8"},"shared_sharepointonline":{"value":"53ad1354-f50f-4ae6-9338-8957eed262f0"},"shared_teams":{"value":"6521afb6-38c4-4aeb-a06f-62d41d50a3ff"}},"isOnPremiseConnection":false,"bypassConsent":false,"dataSets":{},"apiTier":"Standard","isCustomApiConnection":false,"actions":["Run"]},"cf8c9d4e-3057-47d0-9a44-e212e4770362":{"id":"1bef2239-bf9c-4335-ab02-227206780e52","displayName":"Logic flows","iconUri":"https://connectoricons-prod.azureedge.net/releases/v1.0.1697/1.0.1697.3784/logicflows/icon.png","dataSources":["ExportChannelPosts"],"dependencies":["6521afb6-38c4-4aeb-a06f-62d41d50a3ff","8b5ba193-dd72-457d-8e07-5ee132dad9e8"],"dependents":[],"parameterHints":{"workflowName":{"value":"a58bb1d4-bdf2-4438-ba94-140a2d5dcbd2"},"workflowEntityId":{},"workflowDisplayName":{"value":"ExportChannelPosts"},"6521afb6-38c4-4aeb-a06f-62d41d50a3ff":{"value":"shared_teams"},"8b5ba193-dd72-457d-8e07-5ee132dad9e8":{"value":"shared_office365users"}},"parameterHintsV2":{"workflowName":{"value":"a58bb1d4-bdf2-4438-ba94-140a2d5dcbd2"},"workflowEntityId":{},"workflowDisplayName":{"value":"ExportChannelPosts"},"shared_teams":{"value":"6521afb6-38c4-4aeb-a06f-62d41d50a3ff"},"shared_office365users":{"value":"8b5ba193-dd72-457d-8e07-5ee132dad9e8"}},"isOnPremiseConnection":false,"bypassConsent":false,"dataSets":{},"apiTier":"Standard","isCustomApiConnection":false},"51553905-44e8-466a-b32c-65078f00c4a1":{"id":"1bef2239-bf9c-4335-ab02-227206780e52","displayName":"Logic flows","iconUri":"https://connectoricons-prod.azureedge.net/releases/v1.0.1697/1.0.1697.3784/logicflows/icon.png","dataSources":["GraphExplore"],"dependencies":["c2ffadcc-ff39-4398-9d52-726b1c1037b9","8b5ba193-dd72-457d-8e07-5ee132dad9e8","53ad1354-f50f-4ae6-9338-8957eed262f0","6521afb6-38c4-4aeb-a06f-62d41d50a3ff"],"dependents":[],"parameterHints":{"workflowName":{"value":"0ca7aee2-2159-4773-91cc-df35e572f290"},"workflowEntityId":{},"workflowDisplayName":{"value":"GraphExplore"},"c2ffadcc-ff39-4398-9d52-726b1c1037b9":{"value":"shared_office365groups"},"8b5ba193-dd72-457d-8e07-5ee132dad9e8":{"value":"shared_office365users_1"},"53ad1354-f50f-4ae6-9338-8957eed262f0":{"value":"shared_sharepointonline_1"},"6521afb6-38c4-4aeb-a06f-62d41d50a3ff":{"value":"shared_teams"}},"parameterHintsV2":{"workflowName":{"value":"0ca7aee2-2159-4773-91cc-df35e572f290"},"workflowEntityId":{},"workflowDisplayName":{"value":"GraphExplore"},"shared_office365groups":{"value":"c2ffadcc-ff39-4398-9d52-726b1c1037b9"},"shared_office365users_1":{"value":"8b5ba193-dd72-457d-8e07-5ee132dad9e8"},"shared_sharepointonline_1":{"value":"53ad1354-f50f-4ae6-9338-8957eed262f0"},"shared_teams":{"value":"6521afb6-38c4-4aeb-a06f-62d41d50a3ff"}},"isOnPremiseConnection":false,"bypassConsent":false,"dataSets":{},"apiTier":"Standard","isCustomApiConnection":false,"actions":["Run"]},"c333cd7b-d819-4e91-a016-2e9320debaa2":{"id":"1bef2239-bf9c-4335-ab02-227206780e52","displayName":"Logic flows","iconUri":"https://connectoricons-prod.azureedge.net/releases/v1.0.1697/1.0.1697.3784/logicflows/icon.png","dataSources":["SaveToExcel"],"dependencies":["53ad1354-f50f-4ae6-9338-8957eed262f0","8b5ba193-dd72-457d-8e07-5ee132dad9e8","6521afb6-38c4-4aeb-a06f-62d41d50a3ff"],"dependents":[],"parameterHints":{"workflowName":{"value":"1101065b-6bef-449d-8635-e9e151bfab86"},"workflowEntityId":{},"workflowDisplayName":{"value":"SaveToExcel"},"53ad1354-f50f-4ae6-9338-8957eed262f0":{"value":"shared_sharepointonline_1"},"8b5ba193-dd72-457d-8e07-5ee132dad9e8":{"value":"shared_office365users"},"6521afb6-38c4-4aeb-a06f-62d41d50a3ff":{"value":"shared_teams"}},"parameterHintsV2":{"workflowName":{"value":"1101065b-6bef-449d-8635-e9e151bfab86"},"workflowEntityId":{},"workflowDisplayName":{"value":"SaveToExcel"},"shared_sharepointonline_1":{"value":"53ad1354-f50f-4ae6-9338-8957eed262f0"},"shared_office365users":{"value":"8b5ba193-dd72-457d-8e07-5ee132dad9e8"},"shared_teams":{"value":"6521afb6-38c4-4aeb-a06f-62d41d50a3ff"}},"isOnPremiseConnection":false,"bypassConsent":false,"dataSets":{},"apiTier":"Standard","isCustomApiConnection":false,"actions":["Run"]}},"databaseReferences":{},"almMode":"Environment","performanceOptimizationEnabled":true,"canConsumeAppPass":true,"enableModernRuntimeMode":false,"executionRestrictions":{"isTeamsOnly":false,"dataLossPreventionEvaluationResult":{"status":"Compliant","lastEvaluationDate":"2022-05-28T17:38:21.5090135Z","violations":[],"violationsByPolicy":[],"violationErrorMessage":"The app uses the following connectors: shared_logicflows, shared_office365groups, shared_azuread."}}},"appType":"ClassicCanvasApp","appComponents":[]}}